episode,crop,season_return,avg100_return,actor_loss,critic_loss,entropy,total_water_mm,total_nitrogen_kgha,vs_baseline_pct
1,cotton,-118.4036,-118.4036,-9.271374,90.045586,1.214849,2450.0,210.0,22.5
2,maize,-57.8065,-88.1051,1.265685,65.158516,0.260178,1975.0,210.0,42.33
3,maize,-58.4646,-78.2249,0.191297,13.319201,0.257975,2040.0,210.0,48.8
4,maize,-60.4745,-73.7873,-0.409353,16.114681,0.288267,2075.0,210.0,51.7
5,maize,-59.6589,-70.9616,-0.742701,17.639748,0.272651,2080.0,210.0,53.55
6,maize,-58.3404,-68.8581,0.160817,21.628157,0.253602,2025.0,210.0,54.93
7,cotton,-116.8306,-75.7113,73.483513,7684.654785,1.088923,2420.0,210.0,50.45
8,cotton,-122.725,-81.588,74.575378,5918.685547,1.07734,2515.0,210.0,46.6
9,maize,-53.8616,-78.5073,-0.226633,12.4243,0.160728,1980.0,210.0,48.61
10,maize,-51.9136,-75.8479,-0.59577,23.042566,0.146987,1880.0,210.0,50.36
11,cotton,-121.6072,-80.0079,23.330275,827.823059,1.090309,2505.0,210.0,47.63
12,cotton,-119.6748,-83.3134,14.213528,345.292633,1.086603,2465.0,210.0,45.47
13,cotton,-122.3264,-86.3144,3.811439,66.358994,1.076056,2510.0,210.0,43.51
14,maize,-51.5025,-83.8279,-0.268231,10.947742,0.110071,1910.0,210.0,45.13
15,maize,-52.6064,-81.7464,0.076427,30.867947,0.113783,1915.0,210.0,46.49
16,cotton,-121.467,-84.229,-16.842958,401.385193,1.042422,2505.0,210.0,44.87
17,cotton,-118.3665,-86.2371,-14.364091,384.724152,1.013353,2425.0,210.0,43.56
18,cotton,-115.0441,-87.8375,-13.250046,323.169769,0.934512,2395.0,220.0,42.51
19,maize,-46.8188,-85.6786,0.087209,33.06282,0.067522,1845.0,210.0,43.92
20,cotton,-121.5527,-87.4723,-5.520359,271.86911,0.928548,2490.0,210.0,42.75
21,cotton,-110.6613,-88.5765,-4.004956,146.35463,0.813211,2340.0,210.0,42.02
22,maize,-53.3127,-86.9736,0.060101,98.22673,0.0457,1805.0,210.0,43.07
23,maize,-51.0086,-85.4099,0.50485,141.59581,0.03522,1885.0,210.0,44.1
24,maize,-47.5982,-83.8344,0.304512,104.718803,0.037386,1775.0,210.0,45.13
25,cotton,-111.8623,-84.9556,3.300035,69.070145,0.823702,2330.0,200.0,44.39
26,cotton,-113.8626,-86.0674,-0.182662,65.445824,0.826169,2365.0,210.0,43.67
27,maize,-49.3935,-84.7091,0.022463,11.952611,0.022556,1905.0,210.0,44.56
28,cotton,-119.0021,-85.9338,-1.473117,109.438438,0.961424,2430.0,200.0,43.75
29,maize,-48.1808,-84.632,-0.129974,25.361908,0.026012,1825.0,210.0,44.61
30,maize,-48.9271,-83.4418,-0.01575,21.574591,0.026854,1855.0,210.0,45.39
31,maize,-48.1976,-82.3049,-0.016879,24.047016,0.026937,1905.0,210.0,46.13
32,maize,-51.9438,-81.3561,-0.006479,26.476936,0.030076,1915.0,210.0,46.75
33,maize,-49.0251,-80.3764,-5e-05,13.851661,0.035851,1845.0,210.0,47.39
34,maize,-41.9361,-79.2458,-0.000983,23.444971,0.0438,1765.0,210.0,48.13
35,cotton,-112.0238,-80.1823,3.895744,210.040726,1.05268,2330.0,200.0,47.52
36,maize,-46.3546,-79.2427,0.046048,14.554289,0.051231,1835.0,210.0,48.13
37,cotton,-117.1644,-80.2676,0.823153,168.145981,1.060935,2455.0,220.0,47.46
38,cotton,-125.6149,-81.4609,-1.744796,91.433762,1.185322,2575.0,210.0,46.68
39,cotton,-116.4695,-82.3586,-5.538268,95.117668,1.129165,2405.0,240.0,46.09
40,maize,-46.4714,-81.4614,-0.209873,14.28239,0.056924,1845.0,210.0,46.68
41,maize,-47.9147,-80.6432,0.023235,8.172113,0.06202,1845.0,210.0,47.22
42,maize,-48.722,-79.8832,0.022433,8.493501,0.059997,1835.0,210.0,47.71
43,maize,-48.9739,-79.1643,0.00567,6.483409,0.054367,1845.0,210.0,48.18
44,maize,-50.9136,-78.5223,-0.055966,4.727972,0.052834,1810.0,210.0,48.61
45,cotton,-118.2109,-79.4043,-2.257165,44.905228,1.151342,2440.0,210.0,48.03
46,maize,-48.083,-78.7234,0.018235,11.025833,0.046594,1845.0,210.0,48.47
47,cotton,-128.5937,-79.7844,4.987613,119.165489,1.144349,2620.0,210.0,47.78
48,maize,-44.0609,-79.0402,0.015497,25.460674,0.035229,1825.0,210.0,48.27
49,cotton,-121.717,-79.9111,-0.103735,77.288429,1.110282,2505.0,210.0,47.7
50,maize,-44.9227,-79.2114,-0.097751,22.063595,0.02759,1835.0,210.0,48.15
51,cotton,-121.41,-80.0388,-2.63565,64.094696,1.140362,2480.0,210.0,47.61
52,maize,-49.6507,-79.4544,-0.009726,8.19974,0.024023,1835.0,210.0,48.0
53,cotton,-120.0168,-80.2197,-3.771112,54.377129,1.181436,2470.0,180.0,47.49
54,cotton,-126.9377,-81.0849,-0.405469,48.101139,1.218327,2590.0,210.0,46.93
55,maize,-47.0104,-80.4653,0.009553,7.688459,0.02576,1865.0,210.0,47.33
56,maize,-47.5912,-79.8783,-0.000666,5.58576,0.025465,1805.0,210.0,47.72
57,maize,-52.2427,-79.3935,0.056132,10.139731,0.022506,1895.0,210.0,48.03
58,cotton,-125.8318,-80.1941,5.312266,116.573448,1.297521,2580.0,240.0,47.51
59,cotton,-131.6017,-81.0655,2.279703,62.199718,1.322137,2680.0,200.0,46.94
60,maize,-48.479,-80.5223,-0.002027,6.388322,0.028488,1805.0,210.0,47.3
61,cotton,-130.5622,-81.3427,-7.20805,87.230125,1.342442,2675.0,200.0,46.76
62,cotton,-131.0198,-82.1439,-4.815698,86.619591,1.330976,2680.0,200.0,46.23
63,cotton,-131.8696,-82.9332,-0.898647,66.640633,1.291855,2685.0,210.0,45.72
64,cotton,-129.3896,-83.6591,2.305822,33.457569,1.254704,2640.0,230.0,45.24
65,maize,-52.9105,-83.186,-0.064179,11.587165,0.028452,1885.0,210.0,45.55
66,maize,-48.2644,-82.6569,-0.001138,9.290754,0.029349,1825.0,210.0,45.9
67,maize,-45.807,-82.1069,-0.102736,21.76018,0.027986,1745.0,210.0,46.26
68,maize,-45.9697,-81.5755,-0.013337,15.554296,0.026536,1765.0,210.0,46.61
69,cotton,-120.3095,-82.1369,0.460083,102.430199,1.237766,2465.0,210.0,46.24
70,cotton,-128.2234,-82.7952,0.535497,135.934601,1.238071,2605.0,210.0,45.81
71,cotton,-118.9514,-83.3045,-2.579738,47.336422,1.200943,2460.0,200.0,45.48
72,maize,-48.6582,-82.8233,0.134834,40.769203,0.029104,1825.0,210.0,45.79
73,cotton,-126.3468,-83.4195,0.410699,48.535473,1.214682,2590.0,220.0,45.4
74,cotton,-123.7208,-83.9641,2.388877,36.266232,1.207207,2530.0,240.0,45.04
75,cotton,-126.0438,-84.5252,-3.419337,28.354815,1.200046,2575.0,210.0,44.68
76,cotton,-120.361,-84.9967,-2.676083,44.354805,1.146782,2475.0,205.0,44.37
77,maize,-49.6822,-84.5381,0.148525,118.959221,0.024158,1865.0,210.0,44.67
78,maize,-51.8252,-84.1187,0.233719,94.780945,0.02258,1855.0,210.0,44.94
79,maize,-47.4074,-83.654,-0.000471,22.475908,0.026007,1815.0,210.0,45.25
80,cotton,-112.3368,-84.0125,-2.672613,75.017502,1.003992,2320.0,200.0,45.01
81,cotton,-119.3819,-84.4492,-3.346546,45.315716,1.014799,2450.0,200.0,44.73
82,maize,-50.5183,-84.0354,-0.008443,9.578562,0.034827,1865.0,210.0,45.0
83,maize,-51.3519,-83.6416,-0.086128,7.465192,0.042425,1895.0,210.0,45.25
84,maize,-46.4389,-83.1987,0.021142,17.714064,0.046643,1805.0,210.0,45.54
85,cotton,-120.6431,-83.6392,9.303052,113.66246,1.056582,2465.0,210.0,45.26
86,cotton,-116.235,-84.0182,4.918316,73.822365,0.996802,2405.0,200.0,45.01
87,maize,-51.7034,-83.6468,0.016425,19.508652,0.043697,1915.0,210.0,45.25
88,cotton,-111.0151,-83.9578,0.275869,26.383657,0.895926,2310.0,210.0,45.05
89,maize,-48.759,-83.5623,-0.089154,16.751577,0.034789,1875.0,210.0,45.31
90,cotton,-109.7716,-83.8535,-5.038231,108.048828,0.798401,2285.0,210.0,45.12
91,maize,-46.8189,-83.4466,-0.133015,28.586767,0.032221,1785.0,210.0,45.38
92,cotton,-111.5838,-83.7524,-6.126345,134.622635,0.80169,2325.0,210.0,45.18
93,cotton,-108.6742,-84.0204,-7.982641,121.063789,0.76408,2290.0,200.0,45.01
94,cotton,-115.0726,-84.3507,-3.437743,92.188698,0.837953,2375.0,210.0,44.79
95,cotton,-112.0401,-84.6422,0.094218,24.079651,0.778838,2325.0,210.0,44.6
96,maize,-49.5187,-84.2763,0.01882,21.435455,0.022752,1835.0,210.0,44.84
97,maize,-51.5501,-83.9389,0.022059,60.998871,0.018309,1885.0,210.0,45.06
98,cotton,-119.8981,-84.3059,15.565308,392.021027,0.774122,2455.0,210.0,44.82
99,maize,-46.783,-83.9268,0.000871,13.650572,0.011753,1815.0,210.0,45.07
100,maize,-46.8082,-83.5557,-0.000675,9.629788,0.010278,1815.0,210.0,45.31
101,maize,-50.1273,-82.8729,-0.042423,6.086652,0.007886,1845.0,210.0,45.76
102,maize,-49.6951,-82.7918,-0.001196,4.545353,0.007088,1875.0,210.0,45.81
103,cotton,-111.7393,-83.3245,9.314739,265.2435,0.653251,2320.0,210.0,45.46
104,cotton,-113.6835,-83.8566,7.042608,247.779709,0.659981,2345.0,210.0,45.11
105,cotton,-114.894,-84.409,6.475346,151.152603,0.646717,2360.0,210.0,44.75
106,maize,-50.5456,-84.331,-0.000521,16.574194,0.003384,1915.0,210.0,44.8
107,maize,-48.0119,-83.6428,-0.001359,12.869535,0.003275,1825.0,210.0,45.25
108,cotton,-113.5768,-83.5514,1.260104,31.92185,0.651248,2330.0,210.0,45.31
109,maize,-48.8907,-83.5016,-0.000449,12.206206,0.002706,1895.0,210.0,45.35
110,maize,-49.4007,-83.4765,-0.000568,5.058631,0.002702,1835.0,210.0,45.36
111,maize,-50.624,-82.7667,0.000376,9.465281,0.002556,1895.0,210.0,45.83
112,cotton,-103.663,-82.6066,-4.382251,97.375191,0.594917,2205.0,210.0,45.93
113,maize,-46.133,-81.8446,0.000505,34.264717,0.002675,1775.0,210.0,46.43
114,cotton,-112.2768,-82.4524,-2.158498,36.19096,0.666685,2330.0,210.0,46.03
115,maize,-47.7162,-82.4035,0.000973,27.551052,0.002546,1825.0,210.0,46.06
116,cotton,-109.0612,-82.2794,-2.062962,61.924305,0.648359,2290.0,210.0,46.15
117,maize,-48.0056,-81.5758,0.001102,39.18576,0.002712,1795.0,210.0,46.61
118,maize,-49.6106,-80.9215,0.000763,21.311403,0.002486,1875.0,210.0,47.03
119,maize,-48.046,-80.9337,0.000421,17.688835,0.002387,1835.0,210.0,47.03
120,cotton,-115.0252,-80.8685,-4.973089,89.558929,0.707385,2380.0,210.0,47.07
121,cotton,-110.6714,-80.8686,-5.375106,109.746391,0.700229,2315.0,210.0,47.07
122,cotton,-115.4395,-81.4898,-7.200614,127.810165,0.710841,2390.0,210.0,46.66
123,maize,-47.9061,-81.4588,-0.000686,9.288055,0.002641,1875.0,210.0,46.68
124,maize,-50.5918,-81.4887,-0.000646,5.710282,0.002431,1845.0,210.0,46.66
125,maize,-43.2527,-80.8026,-0.00047,20.255898,0.002439,1795.0,210.0,47.11
126,maize,-49.9006,-80.163,0.01498,2.712418,0.002231,1855.0,210.0,47.53
127,maize,-47.6811,-80.1459,-0.014233,6.355316,0.002499,1825.0,210.0,47.54
128,maize,-48.4898,-79.4408,0.000347,5.221888,0.002509,1845.0,210.0,48.0
129,cotton,-112.9633,-80.0886,5.928462,101.083481,0.736728,2330.0,210.0,47.58
130,maize,-47.7931,-80.0773,-0.000393,4.809875,0.002852,1825.0,210.0,47.59
131,maize,-49.0709,-80.086,0.000274,13.63795,0.002955,1865.0,210.0,47.58
132,cotton,-116.9058,-80.7356,4.935822,119.376389,0.839506,2390.0,210.0,47.16
133,maize,-47.5362,-80.7207,0.005281,8.446787,0.003039,1825.0,210.0,47.17
134,cotton,-117.6694,-81.4781,2.303355,75.746216,0.824052,2425.0,210.0,46.67
135,maize,-44.5251,-80.8031,-0.081375,17.472567,0.003303,1785.0,210.0,47.11
136,maize,-47.6689,-80.8162,-0.000674,7.547409,0.002947,1835.0,210.0,47.1
137,maize,-46.0983,-80.1056,-0.000642,9.855006,0.002644,1775.0,210.0,47.57
138,maize,-48.2345,-79.3318,0.000282,7.107862,0.002339,1855.0,210.0,48.08
139,cotton,-122.7282,-79.3943,2.00944,46.166,0.8538,2510.0,210.0,48.03
140,cotton,-114.8116,-80.0777,0.339714,37.385117,0.750143,2380.0,210.0,47.59
141,cotton,-114.6367,-80.745,-0.993329,24.473547,0.764818,2370.0,210.0,47.15
142,maize,-53.4605,-80.7923,0.000725,42.330811,0.001815,1895.0,210.0,47.12
143,maize,-46.7751,-80.7704,0.000145,9.529343,0.0016,1805.0,210.0,47.13
144,maize,-48.0893,-80.7421,-0.000116,7.465363,0.00146,1825.0,210.0,47.15
145,maize,-45.6913,-80.0169,-0.000367,14.056762,0.001263,1805.0,210.0,47.63
146,maize,-50.6037,-80.0421,-0.000258,9.130928,0.001192,1845.0,210.0,47.61
147,cotton,-105.7224,-79.8134,-5.198831,127.085243,0.597043,2235.0,210.0,47.76
148,cotton,-117.7843,-80.5506,-7.621076,119.505928,0.762647,2415.0,210.0,47.28
149,cotton,-112.9324,-80.4628,-5.353338,84.438484,0.762289,2345.0,210.0,47.34
150,cotton,-108.1127,-81.0947,-2.121257,36.900208,0.708116,2250.0,210.0,46.92
151,maize,-48.7797,-80.3684,0.000438,12.350248,0.001278,1875.0,210.0,47.4
152,cotton,-113.8561,-81.0105,3.204756,57.666283,0.783192,2360.0,210.0,46.98
153,maize,-46.9353,-80.2796,0.000961,37.545193,0.001385,1865.0,210.0,47.45
154,cotton,-119.5075,-80.2053,4.469754,80.443245,0.785015,2460.0,210.0,47.5
155,cotton,-114.1162,-80.8764,3.615667,65.558075,0.784233,2365.0,210.0,47.06
156,maize,-47.0283,-80.8708,-9.2e-05,11.661273,0.001779,1835.0,210.0,47.07
157,maize,-47.4479,-80.8228,-0.000223,6.915841,0.002076,1815.0,210.0,47.1
158,maize,-45.2948,-80.0174,-1.6e-05,6.476032,0.002517,1875.0,210.0,47.63
159,cotton,-123.3104,-79.9345,-5.052682,93.224045,0.699112,2535.0,210.0,47.68
160,maize,-45.4862,-79.9046,0.0002,6.008799,0.003479,1805.0,210.0,47.7
161,maize,-45.0918,-79.0499,0.000986,15.942993,0.004488,1825.0,210.0,48.26
162,cotton,-128.8136,-79.0278,-3.755063,103.145874,0.546933,2640.0,210.0,48.27
163,maize,-48.5216,-78.1944,0.001683,29.089613,0.006179,1875.0,210.0,48.82
164,cotton,-130.0363,-78.2008,-2.672819,91.509544,0.441303,2665.0,210.0,48.82
165,maize,-49.6381,-78.1681,-0.040819,4.496566,0.009492,1845.0,210.0,48.84
166,maize,-47.2995,-78.1585,-0.000488,2.555993,0.009748,1845.0,210.0,48.84
167,maize,-47.4639,-78.175,-0.001134,9.205705,0.010774,1845.0,210.0,48.83
168,maize,-49.1531,-78.2069,0.065944,8.593015,0.012562,1865.0,210.0,48.81
169,cotton,-134.9061,-78.3528,0.581592,56.390129,0.270841,2760.0,210.0,48.72
170,maize,-44.303,-77.5136,0.000207,15.645144,0.030661,1835.0,210.0,49.27
171,maize,-53.4102,-76.8582,-0.037581,25.816338,0.050939,1900.0,210.0,49.69
172,cotton,-134.2405,-77.714,0.208039,37.403275,0.192923,2745.0,210.0,49.13
173,cotton,-134.3537,-77.7941,-0.45731,40.817554,0.176124,2750.0,210.0,49.08
174,maize,-86.9789,-77.4267,-3.968559,326.058044,0.243118,2555.0,210.0,49.32
175,cotton,-134.2151,-77.5084,0.227663,36.064819,0.168786,2740.0,210.0,49.27
176,cotton,-134.4574,-77.6494,-0.02979,36.14397,0.159241,2745.0,210.0,49.18
177,maize,-82.3873,-77.9764,-3.988571,247.001846,0.259475,2495.0,210.0,48.96
178,maize,-90.3688,-78.3618,-3.422878,286.178162,0.208931,2570.0,210.0,48.71
179,cotton,-134.4654,-79.2324,-0.447677,40.807186,0.143199,2750.0,210.0,48.14
180,maize,-92.9873,-79.0389,-0.580882,207.243942,0.069547,2680.0,210.0,48.27
181,maize,-89.8827,-78.7439,-0.32405,104.016861,0.060069,2630.0,210.0,48.46
182,cotton,-135.9175,-79.5979,1.117829,134.917221,0.125515,2770.0,210.0,47.9
183,maize,-90.3542,-79.988,0.301034,88.208458,0.065335,2645.0,210.0,47.65
184,cotton,-134.5329,-80.8689,1.531618,253.934921,0.116384,2750.0,210.0,47.07
185,maize,-88.8411,-80.5509,0.319401,71.286827,0.078292,2550.0,210.0,47.28
186,maize,-90.4886,-80.2934,0.542439,72.701782,0.082383,2610.0,210.0,47.45
187,cotton,-136.1516,-81.1379,0.427419,49.73584,0.123515,2785.0,210.0,46.89
188,cotton,-133.4495,-81.3622,-0.115561,39.858154,0.134221,2730.0,210.0,46.75
189,cotton,-135.4214,-82.2289,-0.277401,36.814335,0.116263,2775.0,210.0,46.18
190,cotton,-136.3326,-82.4945,-0.031443,31.878456,0.131769,2780.0,210.0,46.01
191,maize,-89.7465,-82.9237,-0.736387,39.863026,0.201977,2585.0,210.0,45.72
192,maize,-85.3908,-82.6618,-0.540252,31.833637,0.196829,2560.0,210.0,45.9
193,cotton,-134.1856,-82.9169,1.200485,73.319023,0.138249,2745.0,210.0,45.73
194,maize,-87.6734,-82.6429,0.534723,46.31176,0.146597,2595.0,210.0,45.91
195,maize,-90.3662,-82.4262,0.360282,22.678101,0.093308,2600.0,210.0,46.05
196,cotton,-135.0334,-83.2813,0.745209,91.333946,0.16431,2760.0,210.0,45.49
197,cotton,-132.3453,-84.0893,0.318211,77.036293,0.14622,2715.0,210.0,44.96
198,maize,-92.8222,-83.8185,-0.167327,36.405708,0.058223,2650.0,210.0,45.14
199,maize,-84.8391,-84.1991,-0.396772,45.264343,0.061398,2510.0,210.0,44.89
200,maize,-87.8365,-84.6094,-0.275742,23.711613,0.079747,2590.0,210.0,44.62
201,cotton,-135.3621,-85.4617,-0.488298,51.020142,0.148306,2760.0,210.0,44.06
202,cotton,-135.0598,-86.3154,0.03327,45.690475,0.148007,2750.0,210.0,43.5
203,cotton,-138.8257,-86.5862,0.000443,30.315084,0.149622,2830.0,210.0,43.33
204,cotton,-136.8149,-86.8176,0.706764,42.833687,0.153791,2790.0,210.0,43.18
205,maize,-85.7274,-86.5259,1.257054,231.396103,0.096184,2575.0,210.0,43.37
206,cotton,-136.4191,-87.3846,0.886251,57.684902,0.188856,2785.0,210.0,42.8
207,cotton,-133.618,-88.2407,0.231507,80.047958,0.183175,2735.0,210.0,42.24
208,cotton,-132.161,-88.4265,-0.236993,58.329502,0.188735,2705.0,210.0,42.12
209,maize,-76.1709,-88.6993,0.964206,38.207008,0.209054,2360.0,210.0,41.94
210,cotton,-133.1182,-89.5365,-1.27215,89.980782,0.182381,2720.0,210.0,41.4
211,cotton,-135.4229,-90.3845,-2.340269,133.748215,0.209377,2770.0,210.0,40.84
212,maize,-82.1684,-90.1696,0.288992,13.595236,0.174239,2450.0,210.0,40.98
213,cotton,-137.5197,-91.0834,-1.989717,147.631531,0.230374,2805.0,210.0,40.38
214,cotton,-136.0076,-91.3207,-2.259752,139.869354,0.224602,2780.0,210.0,40.23
215,cotton,-130.6584,-92.1501,-2.453515,144.04866,0.232021,2690.0,210.0,39.69
216,maize,-81.4188,-91.8737,-0.212031,43.752796,0.129329,2530.0,210.0,39.87
217,maize,-85.3286,-92.247,-0.004985,18.089695,0.141907,2575.0,210.0,39.62
218,cotton,-134.812,-93.099,0.521216,33.233471,0.25168,2755.0,210.0,39.06
219,cotton,-134.6146,-93.9647,0.266863,24.366537,0.25741,2750.0,210.0,38.5
220,maize,-76.3912,-93.5783,0.512597,21.506317,0.166383,2345.0,210.0,38.75
221,cotton,-134.4851,-93.8165,-0.54456,27.340614,0.274014,2745.0,210.0,38.59
222,maize,-78.9873,-93.4519,-0.106161,7.307741,0.153268,2430.0,210.0,38.83
223,cotton,-133.7556,-94.3104,-0.918729,28.476431,0.29183,2740.0,210.0,38.27
224,cotton,-133.531,-95.1398,-0.3176,24.528952,0.278191,2735.0,210.0,37.73
225,cotton,-136.635,-96.0736,0.784332,32.237167,0.287655,2795.0,210.0,37.12
226,maize,-74.6835,-96.3215,0.933198,75.622078,0.082621,2390.0,210.0,36.96
227,maize,-69.0213,-96.5349,0.998731,77.117943,0.085278,2285.0,210.0,36.82
228,maize,-67.7504,-96.7275,0.170826,22.21834,0.024846,2205.0,210.0,36.69
229,maize,-48.6865,-96.0847,0.516409,159.077164,0.00723,1890.0,210.0,37.11
230,maize,-50.3843,-96.1106,0.005682,52.098373,0.005999,1825.0,210.0,37.09
231,cotton,-132.7863,-96.9478,0.294576,27.159395,0.302499,2720.0,210.0,36.55
232,maize,-48.7777,-96.2665,0.001197,26.944477,0.003141,1835.0,210.0,36.99
233,cotton,-135.2936,-97.1441,-2.051734,79.580765,0.300337,2760.0,210.0,36.42
234,cotton,-134.1036,-97.3084,-3.217504,121.971123,0.354573,2745.0,210.0,36.31
235,maize,-50.9244,-97.3724,-0.000542,21.454041,0.001878,1865.0,210.0,36.27
236,maize,-49.5182,-97.3909,-0.000872,21.849056,0.001689,1865.0,210.0,36.26
237,maize,-46.9062,-97.399,-0.000765,18.129126,0.001583,1825.0,210.0,36.25
238,maize,-48.2557,-97.3992,-0.000604,12.062568,0.001609,1805.0,210.0,36.25
239,maize,-52.2865,-96.6948,9.3e-05,12.861411,0.001677,1905.0,210.0,36.71
240,cotton,-134.989,-96.8965,3.16504,163.150269,0.32655,2750.0,210.0,36.58
241,cotton,-133.1217,-97.0814,3.818006,153.369278,0.318487,2720.0,210.0,36.46
242,maize,-47.0284,-97.0171,0.000128,43.094383,0.002036,1845.0,210.0,36.5
243,cotton,-134.5812,-97.8951,0.301134,27.607637,0.296308,2760.0,210.0,35.93
244,maize,-47.5196,-97.8894,-0.000561,28.336191,0.002605,1815.0,210.0,35.93
245,maize,-50.8949,-97.9415,-0.000391,6.499388,0.002568,1875.0,210.0,35.89
246,cotton,-136.3016,-98.7985,-2.203996,141.815338,0.267015,2780.0,210.0,35.33
247,cotton,-135.8422,-99.0996,-3.019844,156.389389,0.285155,2780.0,210.0,35.14
248,maize,-51.5126,-98.4369,-0.000752,6.242921,0.003455,1865.0,210.0,35.57
249,maize,-46.8409,-97.776,-0.000102,5.551831,0.003909,1845.0,210.0,36.0
250,cotton,-137.6489,-98.0714,-0.834738,114.13546,0.297478,2800.0,210.0,35.81
251,maize,-49.9442,-98.083,0.00103,6.986588,0.005163,1875.0,210.0,35.8
252,maize,-47.8668,-97.4231,0.000447,6.088642,0.005575,1895.0,210.0,36.23
253,cotton,-131.5304,-98.2691,-0.708088,28.996901,0.260101,2705.0,210.0,35.68
254,maize,-46.3514,-97.5375,-0.001277,10.467129,0.006043,1785.0,210.0,36.16
255,maize,-49.5583,-96.8919,-0.000571,4.552165,0.00646,1845.0,210.0,36.58
256,maize,-47.0644,-96.8923,0.03676,4.821141,0.00609,1855.0,210.0,36.58
257,maize,-47.8699,-96.8965,0.000597,3.093003,0.007677,1845.0,210.0,36.58
258,maize,-51.7044,-96.9606,0.001099,17.54178,0.009976,1865.0,210.0,36.54
259,cotton,-139.4421,-97.1219,1.798825,78.351768,0.293974,2845.0,210.0,36.43
260,cotton,-136.1884,-98.029,1.888712,68.793434,0.312347,2780.0,210.0,35.84
261,cotton,-136.2103,-98.9401,0.574463,31.107334,0.288965,2780.0,210.0,35.24
262,cotton,-139.5878,-99.0479,-1.552442,65.167053,0.306311,2845.0,210.0,35.17
263,maize,-47.7517,-99.0402,-0.301211,33.787964,0.018463,1845.0,210.0,35.18
264,cotton,-134.7495,-99.0873,-1.507297,78.595963,0.265145,2755.0,210.0,35.14
265,maize,-46.5898,-99.0568,-0.009813,34.969551,0.01124,1805.0,210.0,35.16
266,cotton,-133.5758,-99.9196,-0.828635,39.354477,0.248493,2725.0,210.0,34.6
267,cotton,-136.0411,-100.8054,-0.130827,17.503862,0.275275,2775.0,210.0,34.02
268,cotton,-139.1711,-101.7056,1.542878,49.922825,0.251929,2840.0,210.0,33.43
269,maize,-47.1217,-100.8277,-0.0469,29.035534,0.012673,1825.0,210.0,34.01
270,cotton,-141.9418,-101.8041,3.323605,203.459198,0.277775,2890.0,210.0,33.37
271,maize,-50.2483,-101.7725,0.000932,13.873155,0.012614,1885.0,210.0,33.39
272,maize,-49.4636,-100.9247,0.000106,14.256083,0.011635,1805.0,210.0,33.94
273,maize,-44.2147,-100.0233,-0.001389,18.370531,0.008621,1785.0,210.0,34.53
274,maize,-51.172,-99.6652,-0.002176,9.924219,0.008723,1835.0,210.0,34.77
275,cotton,-135.8276,-99.6814,-0.407493,26.68873,0.262349,2770.0,210.0,34.76
276,maize,-49.1431,-98.8282,-0.001534,13.431969,0.00837,1845.0,210.0,35.31
277,maize,-51.2785,-98.5171,0.000573,26.583973,0.008757,1865.0,210.0,35.52
278,maize,-50.4386,-98.1178,0.04372,21.923267,0.007978,1885.0,210.0,35.78
279,cotton,-133.567,-98.1089,0.787624,31.204586,0.30023,2735.0,210.0,35.79
280,cotton,-130.5577,-98.4846,-0.620005,55.401184,0.259305,2695.0,210.0,35.54
281,cotton,-137.8732,-98.9645,-0.664083,34.161686,0.282917,2815.0,210.0,35.23
282,cotton,-138.444,-98.9897,0.391529,89.574158,0.284568,2820.0,210.0,35.21
283,cotton,-134.2599,-99.4288,-0.565624,21.790928,0.261069,2755.0,210.0,34.92
284,cotton,-140.3161,-99.4866,0.224213,18.116245,0.256788,2865.0,210.0,34.88
285,cotton,-133.6953,-99.9352,0.413254,20.972584,0.302695,2735.0,210.0,34.59
286,maize,-47.2877,-99.5031,-0.000404,20.477381,0.021847,1815.0,210.0,34.87
287,cotton,-129.6314,-99.4379,-0.397725,29.548868,0.274548,2665.0,210.0,34.92
288,cotton,-138.0322,-99.4838,-0.219424,26.603489,0.297086,2815.0,210.0,34.89
289,cotton,-133.0609,-99.4602,-0.177541,33.808823,0.280601,2725.0,210.0,34.9
290,maize,-47.7685,-98.5745,-0.061617,15.497934,0.025795,1815.0,210.0,35.48
291,cotton,-132.2139,-98.9992,0.192706,16.825026,0.305149,2715.0,210.0,35.2
292,cotton,-136.7376,-99.5127,-0.814867,29.023315,0.307988,2795.0,210.0,34.87
293,cotton,-134.8497,-99.5193,-0.903893,29.649109,0.293279,2765.0,210.0,34.86
294,cotton,-134.3065,-99.9856,1.189045,57.898731,0.29632,2745.0,210.0,34.56
295,maize,-50.4247,-99.5862,-0.000236,4.918258,0.018214,1925.0,210.0,34.82
296,maize,-52.5711,-98.7616,-0.001911,3.414225,0.020982,1895.0,210.0,35.36
297,cotton,-135.1799,-98.7899,0.543845,22.321522,0.287498,2775.0,210.0,35.34
298,maize,-49.0147,-98.3519,-0.006405,17.514664,0.020329,1855.0,210.0,35.63
299,maize,-51.9363,-98.0228,-0.016116,3.844799,0.021366,1895.0,210.0,35.84
300,cotton,-138.5831,-98.5303,0.510388,69.668167,0.307542,2825.0,210.0,35.51
301,maize,-51.1212,-97.6879,-0.072384,2.933081,0.024561,1945.0,210.0,36.06
302,cotton,-136.1403,-97.6987,-0.454877,28.634687,0.286144,2780.0,210.0,36.05
303,maize,-45.9677,-96.7701,-0.014861,19.730482,0.02586,1795.0,210.0,36.66
304,cotton,-138.9374,-96.7914,-0.206097,12.855775,0.298108,2835.0,210.0,36.65
305,maize,-49.719,-96.4313,-0.045461,10.10044,0.035214,1865.0,210.0,36.88
306,cotton,-135.6862,-96.4239,1.542892,78.527374,0.280491,2775.0,210.0,36.89
307,maize,-52.4925,-95.6127,0.314067,21.165991,0.042601,1895.0,210.0,37.42
308,cotton,-139.2291,-95.6834,2.138702,106.69593,0.274687,2835.0,210.0,37.37
309,cotton,-136.0378,-96.282,0.503378,48.800125,0.272903,2780.0,210.0,36.98
310,maize,-48.071,-95.4316,0.027644,3.725214,0.037179,1825.0,210.0,37.54
311,maize,-52.4644,-94.602,-0.03016,12.049813,0.036023,1835.0,210.0,38.08
312,cotton,-137.565,-95.1559,-1.873794,94.276817,0.249262,2805.0,210.0,37.72
313,cotton,-135.8026,-95.1388,-2.607588,89.668358,0.275479,2770.0,210.0,37.73
314,cotton,-138.2167,-95.1609,-2.195473,85.474442,0.264821,2820.0,210.0,37.71
315,cotton,-133.128,-95.1856,-1.325597,67.018456,0.265687,2735.0,210.0,37.7
316,maize,-50.4392,-94.8758,-0.00796,3.700107,0.027298,1815.0,210.0,37.9
317,cotton,-134.2616,-95.3651,1.003344,59.087048,0.258173,2740.0,210.0,37.58
318,maize,-48.6228,-94.5032,0.04535,12.648042,0.029194,1855.0,210.0,38.15
319,maize,-51.5818,-93.6729,0.019731,16.882479,0.03334,1895.0,210.0,38.69
320,cotton,-133.455,-94.2435,2.764451,118.910507,0.266542,2735.0,210.0,38.32
321,maize,-50.1417,-93.4001,0.014022,7.811532,0.02712,1895.0,210.0,38.87
322,cotton,-134.8852,-93.9591,0.834469,41.7047,0.274677,2760.0,210.0,38.5
323,cotton,-132.4486,-93.946,-0.376357,23.096231,0.280005,2710.0,210.0,38.51
324,maize,-49.5696,-93.1064,-0.004723,10.497406,0.013505,1905.0,210.0,39.06
325,cotton,-135.3754,-93.0938,-1.497532,56.007557,0.249827,2770.0,210.0,39.07
326,cotton,-135.2406,-93.6993,-2.050107,56.540375,0.257472,2765.0,210.0,38.67
327,maize,-52.4786,-93.5339,-0.003131,7.405628,0.010198,1915.0,210.0,38.78
328,cotton,-136.2257,-94.2187,0.072667,26.625883,0.264941,2785.0,210.0,38.33
329,cotton,-138.9111,-95.1209,1.422883,81.054947,0.242791,2830.0,210.0,37.74
330,cotton,-136.7218,-95.9843,1.92029,75.19326,0.262701,2790.0,210.0,37.18
331,maize,-49.4882,-95.1513,-0.001048,7.556154,0.009238,1865.0,210.0,37.72
332,maize,-46.009,-95.1236,-0.000941,20.285946,0.008269,1835.0,210.0,37.74
333,maize,-47.8845,-94.2495,-0.00257,14.938463,0.008115,1845.0,210.0,38.31
334,cotton,-137.3004,-94.2815,0.477518,21.237871,0.250029,2800.0,210.0,38.29
335,maize,-46.8104,-94.2404,-0.084328,6.4595,0.008242,1855.0,210.0,38.32
336,cotton,-135.9749,-95.1049,-0.30432,19.426069,0.247675,2775.0,210.0,37.75
337,maize,-48.434,-95.1202,-0.001917,8.555842,0.00685,1825.0,210.0,37.74
338,cotton,-136.1853,-95.9995,0.183823,24.64184,0.241575,2775.0,210.0,37.17
339,maize,-46.3517,-95.9402,0.001453,12.209089,0.006685,1805.0,210.0,37.2
340,maize,-43.1479,-95.0217,-3.7e-05,6.577618,0.005795,1765.0,210.0,37.81
341,cotton,-138.409,-95.0746,0.235919,25.37999,0.238276,2820.0,200.0,37.77
342,cotton,-143.1433,-96.0358,-0.880243,36.651848,0.237662,2915.0,210.0,37.14
343,maize,-49.0196,-95.1802,0.00242,56.708961,0.005233,1875.0,210.0,37.7
344,cotton,-138.6927,-96.0919,-0.946373,30.186897,0.245895,2825.0,210.0,37.11
345,cotton,-134.8596,-96.9315,-0.854291,53.131763,0.226862,2760.0,210.0,36.56
346,maize,-46.478,-96.0333,0.000548,7.046937,0.004524,1805.0,210.0,37.14
347,maize,-52.7499,-95.2024,0.001873,55.423962,0.00437,1875.0,210.0,37.69
348,cotton,-135.8978,-96.0462,0.917594,34.072559,0.223402,2775.0,210.0,37.14
349,maize,-49.7478,-96.0753,-0.00047,3.998008,0.003687,1835.0,210.0,37.12
350,maize,-50.8008,-95.2068,0.000446,5.107711,0.003304,1875.0,210.0,37.68
351,cotton,-136.7331,-96.0747,0.06061,17.062124,0.252429,2785.0,210.0,37.12
352,cotton,-137.675,-96.9728,0.021782,15.682229,0.241715,2810.0,210.0,36.53
353,maize,-44.1957,-96.0994,-0.000374,29.804609,0.002718,1765.0,210.0,37.1
354,cotton,-136.9132,-97.0051,0.635472,29.87723,0.251397,2795.0,210.0,36.51
355,maize,-46.1235,-96.9707,-0.000447,19.474712,0.002578,1825.0,210.0,36.53
356,cotton,-133.8832,-97.8389,-0.081249,33.360077,0.248811,2735.0,210.0,35.96
357,cotton,-139.4177,-98.7544,-1.327594,63.432087,0.271467,2840.0,210.0,35.36
358,cotton,-138.3529,-99.6209,-1.476282,45.26413,0.266275,2830.0,210.0,34.8
359,cotton,-135.7296,-99.5837,-0.760306,43.174908,0.261496,2775.0,210.0,34.82
360,cotton,-136.8491,-99.5903,-0.045194,39.175426,0.248931,2795.0,210.0,34.82
361,maize,-46.42,-98.6924,-0.001249,25.835464,0.002664,1845.0,210.0,35.4
362,maize,-47.5691,-97.7722,-0.000944,12.448628,0.002738,1835.0,210.0,36.01
363,cotton,-132.6438,-98.6212,1.379498,50.069775,0.280696,2720.0,210.0,35.45
364,maize,-47.6104,-97.7498,-0.004649,4.547569,0.00256,1855.0,210.0,36.02
365,maize,-47.598,-97.7599,-0.000483,20.080959,0.003041,1785.0,210.0,36.01
366,cotton,-138.3254,-97.8074,0.850274,37.641644,0.264439,2820.0,210.0,35.98
367,maize,-49.5799,-96.9427,-0.000783,5.357008,0.003073,1805.0,210.0,36.55
368,cotton,-135.0884,-96.9019,0.077659,14.463542,0.247844,2760.0,210.0,36.58
369,cotton,-138.3861,-97.8146,-0.648507,16.675386,0.260496,2830.0,210.0,35.98
370,maize,-45.8608,-96.8537,-2.5e-05,3.272757,0.003284,1825.0,210.0,36.61
371,maize,-46.0366,-96.8116,-0.00052,9.570241,0.003438,1785.0,210.0,36.63
372,maize,-48.9473,-96.8065,0.089457,27.639273,0.003492,1885.0,210.0,36.64
373,cotton,-132.7244,-97.6916,1.902688,56.835625,0.226946,2710.0,210.0,36.06
374,cotton,-138.3471,-98.5633,1.290547,35.939213,0.25836,2820.0,210.0,35.49
375,cotton,-138.5571,-98.5906,-0.123239,15.148233,0.263895,2825.0,210.0,35.47
376,maize,-45.9972,-98.5592,0.002302,31.581326,0.008285,1825.0,210.0,35.49
377,maize,-50.3886,-98.5503,0.003286,70.883003,0.009116,1855.0,210.0,35.5
378,cotton,-136.4791,-99.4107,-0.524685,18.751122,0.237955,2785.0,210.0,34.93
379,maize,-53.4232,-98.6092,-0.000262,57.300434,0.009586,1935.0,210.0,35.46
380,maize,-48.5591,-97.7892,-0.003071,18.206486,0.009955,1855.0,210.0,35.99
381,maize,-52.5065,-96.9356,-0.002375,23.882381,0.011426,1895.0,210.0,36.55
382,maize,-50.9815,-96.0609,0.000458,13.65145,0.011972,1885.0,210.0,37.13
383,maize,-47.0658,-95.189,-0.003334,18.591284,0.013401,1825.0,210.0,37.7
384,maize,-48.7845,-94.2737,0.003054,14.634461,0.015077,1855.0,210.0,38.3
385,cotton,-138.4317,-94.3211,2.699975,133.697601,0.305495,2820.0,210.0,38.26
386,maize,-50.7114,-94.3553,0.009923,22.993464,0.014955,1855.0,210.0,38.24
387,maize,-47.5339,-93.5343,0.006384,20.709396,0.018151,1815.0,210.0,38.78
388,cotton,-140.316,-93.5572,-0.04972,33.460693,0.288579,2865.0,210.0,38.76
389,maize,-48.5608,-92.7122,-0.005606,14.704578,0.016128,1835.0,210.0,39.32
390,cotton,-134.7565,-93.582,-2.103997,46.865509,0.29878,2750.0,210.0,38.75
391,maize,-49.6859,-92.7568,-0.010176,17.333775,0.01782,1855.0,210.0,39.29
392,maize,-47.0676,-91.8601,-0.007552,13.311489,0.021679,1805.0,210.0,39.88
393,maize,-46.8306,-90.9799,-0.024922,8.297615,0.025377,1825.0,210.0,40.45
394,maize,-47.0141,-90.1069,0.013376,5.991735,0.033622,1845.0,210.0,41.02
395,maize,-44.5565,-90.0483,0.000588,15.910748,0.030052,1825.0,210.0,41.06
396,maize,-48.4297,-90.0068,-0.00521,6.455709,0.034651,1815.0,210.0,41.09
397,maize,-49.5337,-89.1504,0.062132,25.389383,0.037522,1875.0,210.0,41.65
398,maize,-46.6585,-89.1268,0.175173,14.896805,0.034864,1830.0,210.0,41.66
399,maize,-47.8324,-89.0858,0.002425,6.604485,0.046946,1775.0,210.0,41.69
400,cotton,-135.3787,-89.0537,-3.080515,157.19278,0.285539,2765.0,210.0,41.71
401,maize,-49.6171,-89.0387,-0.014434,7.522456,0.052358,1825.0,210.0,41.72
402,cotton,-136.5188,-89.0425,-1.978258,81.361816,0.264956,2785.0,210.0,41.72
403,cotton,-133.4311,-89.9171,-1.20619,34.848789,0.266328,2735.0,210.0,41.15
404,cotton,-138.5931,-89.9137,0.382776,17.720488,0.268864,2825.0,210.0,41.15
405,cotton,-137.1264,-90.7877,1.177473,40.778233,0.279767,2795.0,210.0,40.58
406,cotton,-132.6738,-90.7576,1.133749,95.098053,0.270814,2720.0,210.0,40.6
407,cotton,-132.0272,-91.553,1.451617,94.116806,0.297103,2710.0,210.0,40.08
408,maize,-49.0934,-90.6516,-0.071298,26.214499,0.13212,1865.0,210.0,40.67
409,cotton,-135.0458,-90.6417,-0.197627,57.832554,0.273795,2770.0,210.0,40.67
410,maize,-58.5899,-90.7469,-0.087509,21.809671,0.226212,2060.0,210.0,40.6
411,maize,-62.1502,-90.8437,-0.45227,21.029005,0.232845,2115.0,210.0,40.54
412,cotton,-135.1142,-90.8192,-1.378937,59.32563,0.24989,2760.0,210.0,40.56
413,cotton,-136.9366,-90.8306,-1.69451,55.160496,0.251018,2790.0,210.0,40.55
414,cotton,-135.3194,-90.8016,-0.448372,18.191965,0.259042,2760.0,210.0,40.57
415,cotton,-133.7969,-90.8083,0.029453,20.108149,0.289414,2735.0,210.0,40.56
416,cotton,-136.2093,-91.666,1.112594,27.633942,0.282186,2780.0,210.0,40.0
417,cotton,-135.9384,-91.6828,0.379004,24.253714,0.294371,2775.0,210.0,39.99
418,cotton,-135.962,-92.5561,0.064581,16.157475,0.302978,2780.0,210.0,39.42
419,cotton,-132.4634,-93.365,-1.392322,34.810184,0.311244,2715.0,210.0,38.89
420,cotton,-132.3577,-93.354,-0.51307,21.423309,0.309585,2705.0,210.0,38.9
421,maize,-77.8459,-93.631,-3.075798,56.810383,0.51788,2400.0,210.0,38.72
422,maize,-87.7352,-93.1595,-1.590554,80.725693,0.197137,2590.0,210.0,39.02
423,cotton,-139.6781,-93.2318,0.252548,33.736481,0.356395,2850.0,210.0,38.98
424,maize,-89.6979,-93.6331,-0.061843,42.494293,0.079844,2650.0,210.0,38.71
425,maize,-87.0392,-93.1497,-0.061511,36.183949,0.082633,2580.0,210.0,39.03
426,cotton,-133.6586,-93.1339,1.710398,34.956532,0.361166,2740.0,190.0,39.04
427,maize,-86.4223,-93.4734,-0.113731,75.35717,0.074606,2570.0,210.0,38.82
428,cotton,-134.7935,-93.459,0.40202,21.399078,0.367868,2760.0,190.0,38.83
429,maize,-91.7537,-92.9875,0.128126,49.702991,0.08477,2680.0,210.0,39.14
430,cotton,-132.0072,-92.9403,-2.205832,32.343899,0.482781,2715.0,210.0,39.17
431,cotton,-132.9565,-93.775,-0.624229,14.403839,0.48686,2725.0,200.0,38.62
432,maize,-92.2966,-94.2379,-0.262358,44.153194,0.155164,2675.0,210.0,38.32
433,cotton,-132.6664,-95.0857,0.769237,19.527245,0.516686,2725.0,190.0,37.76
434,maize,-88.212,-94.5948,-0.030522,32.665588,0.24683,2580.0,210.0,38.09
435,cotton,-136.0208,-95.4869,1.441695,16.077896,0.530503,2775.0,160.0,37.5
436,cotton,-136.0621,-95.4878,0.443005,22.20717,0.542228,2775.0,190.0,37.5
437,cotton,-135.5493,-96.3589,-1.494644,18.616533,0.54302,2770.0,180.0,36.93
438,cotton,-134.186,-96.339,-0.617872,13.677212,0.58535,2745.0,170.0,36.94
439,cotton,-135.2699,-97.2281,1.515199,20.672251,0.60984,2765.0,200.0,36.36
440,maize,-77.6308,-97.573,-0.362654,29.883207,0.216778,2430.0,210.0,36.14
441,maize,-71.7596,-96.9065,-0.370619,44.596333,0.218422,2305.0,210.0,36.57
442,maize,-75.9416,-96.2345,-0.021034,10.852844,0.189472,2345.0,210.0,37.01
443,maize,-68.5113,-96.4294,-0.300364,31.641865,0.187263,2195.0,210.0,36.88
444,cotton,-139.2839,-96.4353,-0.600625,25.463091,0.760115,2840.0,140.0,36.88
445,cotton,-135.7248,-96.4439,-0.069005,15.443645,0.74289,2765.0,180.0,36.88
446,maize,-79.1289,-96.7704,0.383725,40.386631,0.197695,2380.0,210.0,36.66
447,cotton,-136.8532,-97.6115,-3.632849,39.685764,0.758731,2790.0,160.0,36.11
448,maize,-82.0194,-97.0727,0.811331,76.112984,0.232854,2495.0,210.0,36.46
449,maize,-80.7209,-97.3824,0.708459,61.076424,0.244967,2410.0,210.0,36.26
450,maize,-89.1762,-97.7662,0.792124,94.422646,0.210242,2590.0,210.0,36.01
451,maize,-82.2349,-97.2212,-0.391929,31.386452,0.244474,2485.0,210.0,36.37
452,maize,-83.9622,-96.6841,-0.408799,25.493198,0.233117,2535.0,210.0,36.72
453,maize,-85.1029,-97.0931,-0.360507,20.550133,0.206532,2545.0,210.0,36.45
454,cotton,-133.3766,-97.0578,-3.622009,72.688416,0.605604,2740.0,190.0,36.47
455,cotton,-136.7185,-97.9637,-0.47314,25.512051,0.63037,2790.0,180.0,35.88
456,cotton,-140.2214,-98.0271,3.040619,30.550768,0.636633,2855.0,180.0,35.84
457,maize,-88.2918,-97.5158,0.634106,58.875019,0.175006,2575.0,210.0,36.17
458,maize,-90.295,-97.0353,0.946456,58.31953,0.17737,2665.0,210.0,36.49
459,cotton,-134.3267,-97.0212,8.576378,142.51973,0.747638,2745.0,180.0,36.5
460,cotton,-129.6876,-96.9496,4.437202,115.883957,0.749085,2675.0,170.0,36.54
461,cotton,-139.3141,-97.8786,2.245327,23.780449,0.844857,2850.0,170.0,35.94
462,cotton,-138.265,-98.7855,-0.029334,11.705719,0.889735,2820.0,170.0,35.34
463,maize,-81.0034,-98.2691,-0.877626,59.229523,0.220225,2475.0,210.0,35.68
464,cotton,-134.5892,-99.1389,-3.056145,22.956297,0.978043,2750.0,150.0,35.11
465,maize,-86.581,-99.5287,-0.92766,62.858696,0.224709,2570.0,210.0,34.86
466,cotton,-135.5242,-99.5007,-1.810777,12.4896,1.10528,2765.0,140.0,34.87
467,maize,-86.3447,-99.8684,-0.866772,36.176323,0.22502,2580.0,210.0,34.63
468,cotton,-138.1999,-99.8995,2.034331,32.770248,1.1424,2825.0,110.0,34.61
469,maize,-84.3618,-99.3592,0.365,39.059643,0.284118,2515.0,210.0,34.97
470,maize,-85.7189,-99.7578,0.370611,58.188553,0.247674,2510.0,210.0,34.71
471,cotton,-139.2041,-100.6895,5.704415,34.856312,1.179613,2835.0,100.0,34.1
472,maize,-85.5208,-101.0552,-0.087313,31.371363,0.217671,2570.0,210.0,33.86
473,maize,-95.0401,-100.6784,-0.654457,33.572819,0.198164,2680.0,210.0,34.1
474,maize,-98.5619,-100.2805,-0.133306,51.073696,0.162505,2780.0,210.0,34.36
475,maize,-89.7031,-99.792,-0.362681,15.179589,0.161264,2610.0,210.0,34.68
476,cotton,-144.8772,-100.7808,-1.291937,9.68576,0.932485,2945.0,60.0,34.04
477,maize,-88.9861,-101.1668,-0.095442,10.301311,0.140421,2550.0,210.0,33.78
478,maize,-89.6652,-100.6986,0.097424,7.196165,0.152158,2640.0,210.0,34.09
479,cotton,-141.3568,-101.578,4.708514,50.627094,0.774672,2875.0,30.0,33.51
480,maize,-93.6373,-102.0288,0.290598,13.808882,0.128702,2690.0,210.0,33.22
481,maize,-97.7617,-102.4813,0.002163,10.124864,0.124859,2750.0,210.0,32.92
482,cotton,-140.1167,-103.3727,1.187693,9.119136,0.711516,2850.0,40.0,32.34
483,maize,-89.0155,-103.7922,-0.056405,5.633961,0.105125,2560.0,210.0,32.07
484,maize,-88.6656,-104.191,-0.116127,11.392835,0.110219,2580.0,210.0,31.8
485,maize,-92.216,-103.7288,-0.06355,10.944768,0.125353,2680.0,210.0,32.11
486,cotton,-142.5523,-104.6472,-3.423241,44.277332,0.617086,2900.0,20.0,31.51
487,cotton,-140.7918,-105.5798,-1.56739,22.244581,0.585284,2865.0,20.0,30.9
488,maize,-86.5865,-105.0425,2.356402,72.016418,0.324188,2580.0,130.0,31.25
489,cotton,-137.7091,-105.934,0.512789,21.79965,0.579615,2810.0,0.0,30.66
490,cotton,-137.5212,-105.9616,0.385757,21.063745,0.569985,2810.0,10.0,30.65
491,cotton,-135.5873,-106.8206,0.17263,18.295822,0.538607,2765.0,20.0,30.08
492,maize,-83.0289,-107.1803,5.497464,153.460373,0.45145,2530.0,150.0,29.85
493,maize,-84.3317,-107.5553,3.622408,79.922462,0.415853,2550.0,130.0,29.6
494,maize,-89.7044,-107.9822,2.115857,71.273849,0.47863,2570.0,170.0,29.32
495,maize,-82.4331,-108.3609,0.047941,6.117936,0.400235,2495.0,130.0,29.08
496,cotton,-131.363,-109.1903,-7.791395,285.052856,0.501192,2700.0,0.0,28.53
497,cotton,-139.8268,-110.0932,-7.653398,433.834015,0.522609,2845.0,0.0,27.94
498,cotton,-132.3704,-110.9503,-7.637567,352.177765,0.505094,2705.0,0.0,27.38
499,cotton,-137.5276,-111.8473,-7.225726,347.447601,0.53122,2805.0,10.0,26.79
500,cotton,-133.2195,-111.8257,-9.198565,260.606262,0.567417,2725.0,20.0,26.81
501,cotton,-136.6156,-112.6957,-6.212365,159.04689,0.596874,2790.0,60.0,26.24
502,cotton,-130.9186,-112.6397,-3.715374,43.095848,0.619606,2685.0,30.0,26.27
503,maize,-79.4585,-112.0999,-0.330629,53.189762,0.266215,2455.0,140.0,26.63
504,maize,-85.9711,-111.5737,-0.402857,29.582693,0.34781,2565.0,190.0,26.97
505,cotton,-133.2107,-111.5346,12.575447,399.718018,0.681555,2730.0,0.0,27.0
506,maize,-85.1814,-111.0596,0.581996,33.551853,0.328205,2450.0,240.0,27.31
507,maize,-74.9675,-110.489,0.760503,53.753357,0.316105,2390.0,140.0,27.68
508,maize,-80.7978,-110.8061,0.270166,42.211128,0.290031,2495.0,140.0,27.47
509,cotton,-137.4699,-110.8303,22.246389,1104.421387,0.763945,2800.0,10.0,27.46
510,maize,-83.1201,-111.0756,-0.400135,16.637362,0.383001,2515.0,160.0,27.3
511,cotton,-140.4811,-111.8589,18.709036,658.882935,0.776704,2850.0,20.0,26.79
512,cotton,-141.8722,-111.9265,15.663719,435.860718,0.813607,2885.0,20.0,26.74
513,maize,-87.7149,-111.4343,-1.560005,46.397438,0.412836,2555.0,140.0,27.06
514,cotton,-139.727,-111.4784,7.91226,135.960693,0.854284,2845.0,0.0,27.03
515,cotton,-139.2282,-111.5327,1.662309,40.684937,0.884958,2860.0,10.0,27.0
516,maize,-87.2004,-111.0426,-2.436368,95.796356,0.471928,2530.0,120.0,27.32
517,maize,-90.2766,-110.586,-2.74951,123.460068,0.411542,2590.0,50.0,27.62
518,maize,-84.996,-110.0763,-1.643946,90.624443,0.400573,2530.0,0.0,27.95
519,maize,-98.2214,-109.7339,-1.169244,170.105347,0.436819,2680.0,0.0,28.18
520,cotton,-145.9128,-109.8695,-14.541469,310.190704,1.14282,2965.0,0.0,28.09
521,maize,-94.4357,-110.0353,0.165982,97.963402,0.332604,2680.0,0.0,27.98
522,maize,-95.0094,-110.1081,0.201925,75.836731,0.345412,2760.0,0.0,27.93
523,maize,-87.6618,-109.5879,0.18923,45.771816,0.370429,2590.0,0.0,28.27
524,maize,-95.3968,-109.6449,-0.614734,45.413433,0.360583,2710.0,0.0,28.23
525,maize,-97.8209,-109.7527,-1.025038,53.075134,0.44359,2750.0,0.0,28.16
526,cotton,-154.89,-109.965,-17.811745,379.266052,1.517414,3140.0,0.0,28.03
527,maize,-199.5963,-111.0968,-16.844334,1612.467285,0.331929,4775.0,0.0,27.28
528,maize,-218.0106,-111.929,-8.572023,1458.6875,0.29008,5200.0,0.0,26.74
529,maize,-224.2444,-113.2539,-4.436762,925.759094,0.21203,5200.0,0.0,25.87
530,cotton,-183.7685,-113.7715,-17.975023,266.348938,1.479053,3750.0,0.0,25.53
531,maize,-224.2052,-114.684,-2.195629,265.241882,0.270103,5240.0,0.0,24.94
532,maize,-220.7689,-115.9687,0.034893,215.11795,0.257729,5200.0,0.0,24.1
533,cotton,-187.9843,-116.5219,19.703604,330.797058,1.449928,3785.0,0.0,23.73
534,maize,-214.0286,-117.78,3.576178,547.739014,0.264689,5060.0,0.0,22.91
535,maize,-224.237,-118.6622,3.486245,377.898987,0.25878,5260.0,0.0,22.33
536,cotton,-202.1041,-119.3226,21.664087,489.877045,1.278801,4075.0,0.0,21.9
537,maize,-225.8495,-120.2256,1.006058,126.496239,0.178753,5260.0,0.0,21.31
538,maize,-231.592,-121.1997,0.548041,101.597572,0.173001,5300.0,0.0,20.67
539,maize,-220.9271,-122.0563,-1.72215,213.259293,0.143935,5200.0,0.0,20.11
540,cotton,-232.1313,-123.6013,-1.077016,317.01297,0.889895,4700.0,0.0,19.1
541,maize,-216.4351,-125.048,-2.8326,588.64093,0.115664,5170.0,0.0,18.15
542,maize,-238.3647,-126.6722,-1.038338,408.101837,0.076908,5550.0,0.0,17.09
543,cotton,-249.5741,-128.4829,-1.990583,186.649429,0.567158,5050.0,0.0,15.9
544,cotton,-258.0205,-129.6702,0.921345,167.191742,0.490491,5220.0,0.0,15.13
545,cotton,-258.811,-130.9011,4.015547,181.223114,0.462254,5230.0,0.0,14.32
546,maize,-233.1612,-132.4414,0.028802,179.744965,0.022158,5480.0,0.0,13.31
547,maize,-223.2816,-133.3057,0.012616,198.93988,0.015792,5200.0,0.0,12.75
548,cotton,-261.9499,-135.105,4.457089,268.953796,0.330554,5295.0,0.0,11.57
549,cotton,-267.692,-136.9747,1.277883,196.027161,0.301933,5410.0,0.0,10.35
550,cotton,-266.8561,-138.7515,1.290964,204.189041,0.247224,5390.0,0.0,9.18
551,maize,-228.6522,-140.2157,-0.002457,259.485809,0.001713,5200.0,0.0,8.23
552,cotton,-265.2644,-142.0287,-2.465179,175.944824,0.224068,5360.0,0.0,7.04
553,maize,-213.7819,-143.3155,-0.000544,132.634491,0.000567,5040.0,0.0,6.2
554,cotton,-270.3173,-144.6849,-2.14422,246.490601,0.186858,5460.0,0.0,5.3
555,cotton,-276.1347,-146.0791,-2.154397,313.471924,0.175939,5575.0,0.0,4.39
556,cotton,-273.3369,-147.4102,-0.75865,158.366394,0.153366,5520.0,0.0,3.52
557,cotton,-271.3571,-149.2409,-0.096567,148.649399,0.168433,5480.0,0.0,2.32
558,maize,-227.9671,-150.6176,0.000236,993.409973,9.6e-05,5240.0,0.0,1.42
559,maize,-229.4835,-151.5692,0.000229,904.798035,8.9e-05,5400.0,0.0,0.79
560,maize,-228.5508,-152.5578,0.000167,713.047363,8.5e-05,5320.0,0.0,0.15
561,maize,-222.4242,-153.3889,3e-05,137.484573,6.8e-05,5320.0,0.0,-0.4
562,cotton,-274.075,-154.747,0.832287,117.283508,0.177352,5535.0,0.0,-1.29
563,maize,-223.4364,-156.1713,-3.7e-05,116.141243,6.2e-05,5320.0,0.0,-2.22
564,cotton,-268.7298,-157.5127,-0.321774,80.547447,0.188851,5430.0,0.0,-3.1
565,maize,-217.1578,-158.8185,-4.8e-05,151.627991,5.7e-05,5120.0,0.0,-3.95
566,cotton,-263.5302,-160.0986,-0.091639,50.933495,0.176511,5325.0,0.0,-4.79
567,cotton,-273.0507,-161.9656,0.11938,58.530872,0.17071,5515.0,0.0,-6.01
568,maize,-225.6315,-162.8399,-2.6e-05,123.068718,4.6e-05,5280.0,0.0,-6.58
569,cotton,-264.889,-164.6452,0.593076,73.085983,0.165549,5350.0,0.0,-7.76
570,maize,-236.2397,-166.1504,2.6e-05,194.778946,4.1e-05,5480.0,0.0,-8.75
571,maize,-219.9297,-166.9577,-1e-06,69.2892,3.8e-05,5240.0,0.0,-9.28
572,cotton,-265.0847,-168.7533,-2.077851,188.855957,0.189207,5355.0,0.0,-10.45
573,cotton,-272.5882,-170.5288,-0.696635,162.818497,0.164509,5505.0,0.0,-11.62
574,maize,-231.412,-171.8573,2.5e-05,166.474945,2.9e-05,5440.0,0.0,-12.48
575,maize,-231.2547,-173.2728,2.2e-05,88.192116,3.7e-05,5440.0,0.0,-13.41
576,maize,-225.8957,-174.083,1e-06,44.631195,2.8e-05,5360.0,0.0,-13.94
577,maize,-229.2185,-175.4853,-1.1e-05,86.740135,2.7e-05,5480.0,0.0,-14.86
578,cotton,-273.0416,-177.3191,0.178732,73.987656,0.17401,5515.0,0.0,-16.06
579,cotton,-267.3294,-178.5788,0.252022,55.770187,0.175824,5400.0,0.0,-16.88
580,cotton,-272.7807,-180.3703,-0.241745,52.036057,0.188258,5510.0,0.0,-18.06
581,maize,-227.4079,-181.6667,-2.7e-05,193.711548,2.7e-05,5320.0,0.0,-18.91
582,cotton,-270.077,-182.9663,0.162527,39.05439,0.188303,5455.0,0.0,-19.76
583,maize,-213.0437,-184.2066,-2.8e-05,210.385193,2.7e-05,5000.0,0.0,-20.57
584,cotton,-269.0622,-186.0106,0.49672,83.107292,0.178956,5435.0,0.0,-21.75
585,cotton,-271.2827,-187.8012,0.297989,66.447639,0.184578,5480.0,0.0,-22.92
586,cotton,-270.3246,-189.079,-0.380299,54.423805,0.147242,5460.0,0.0,-23.76
587,cotton,-269.7756,-190.3688,-1.187484,90.165192,0.183127,5450.0,0.0,-24.6
588,maize,-229.2538,-191.7955,7e-06,83.874916,1.5e-05,5360.0,0.0,-25.53
589,maize,-228.5002,-192.7034,7e-06,83.946259,1.4e-05,5360.0,0.0,-26.13
590,cotton,-273.8471,-194.0666,-1.02676,62.946068,0.164379,5530.0,0.0,-27.02
591,cotton,-265.4964,-195.3657,0.043279,24.4554,0.159489,5365.0,0.0,-27.87
592,cotton,-267.5285,-197.2107,-0.020215,21.87582,0.15577,5405.0,0.0,-29.08
593,cotton,-265.1097,-199.0185,0.035942,30.145838,0.146859,5355.0,0.0,-30.26
594,maize,-221.852,-200.34,-1.3e-05,184.184982,1.2e-05,5200.0,0.0,-31.13
595,cotton,-272.5937,-202.2416,-0.58077,62.817902,0.137894,5505.0,0.0,-32.37
596,maize,-223.8568,-203.1665,-9e-06,128.615372,1.2e-05,5320.0,0.0,-32.98
597,cotton,-272.1238,-204.4895,0.493087,95.045677,0.161564,5495.0,0.0,-33.84
598,cotton,-266.0106,-205.8259,1.951205,135.426819,0.171103,5375.0,0.0,-34.72
599,cotton,-266.105,-207.1117,1.548127,147.870239,0.153028,5375.0,0.0,-35.56
600,maize,-231.0148,-208.0896,2e-05,328.297516,1.7e-05,5360.0,0.0,-36.2
601,maize,-215.4905,-208.8784,1.1e-05,125.673424,1.8e-05,5040.0,0.0,-36.72
602,maize,-225.283,-209.822,-6e-06,50.645924,2.1e-05,5280.0,0.0,-37.33
603,cotton,-263.3186,-211.6606,-2.417681,142.84465,0.191198,5320.0,0.0,-38.54
604,maize,-221.0512,-213.0114,-2.8e-05,164.963654,2.9e-05,5200.0,0.0,-39.42
605,maize,-228.1179,-213.9605,-2.7e-05,133.751694,3.7e-05,5360.0,0.0,-40.04
606,cotton,-270.3159,-215.8118,-1.172718,102.644417,0.174917,5460.0,0.0,-41.25
607,maize,-218.2964,-217.2451,6e-06,49.915215,3.3e-05,5040.0,0.0,-42.19
608,cotton,-271.8085,-219.1552,0.075829,38.087856,0.212606,5490.0,0.0,-43.44
609,cotton,-262.4308,-220.4048,1.811499,124.59552,0.16565,5305.0,0.0,-44.26
610,cotton,-271.7662,-222.2913,3.126585,129.170334,0.19602,5490.0,0.0,-45.5
611,maize,-213.1899,-223.0184,2e-06,124.939911,6.7e-05,5040.0,0.0,-45.97
612,cotton,-260.8975,-224.2086,1.701912,58.267632,0.210435,5275.0,0.0,-46.75
613,cotton,-274.8743,-226.0802,-0.497883,39.932156,0.238496,5550.0,0.0,-47.98
614,maize,-218.256,-226.8655,-4.8e-05,43.077965,0.000113,5200.0,0.0,-48.49
615,maize,-222.3718,-227.697,3.8e-05,92.102165,0.000155,5240.0,0.0,-49.03
616,maize,-222.4787,-229.0497,-2.9e-05,25.000484,0.000191,5280.0,0.0,-49.92
617,cotton,-262.2466,-230.7694,-2.529323,93.707184,0.316863,5300.0,0.0,-51.04
618,maize,-214.7848,-232.0673,7.2e-05,83.839424,0.000304,5080.0,0.0,-51.89
619,cotton,-262.7652,-233.7128,-0.860804,28.836895,0.349303,5310.0,0.0,-52.97
620,maize,-224.3321,-234.497,0.000333,100.687584,0.0004,5320.0,0.0,-53.48
621,maize,-226.1454,-235.8141,0.000197,73.766701,0.000466,5320.0,0.0,-54.35
622,cotton,-262.5182,-237.4891,2.403767,94.734314,0.426915,5305.0,0.0,-55.44
623,maize,-235.039,-238.9629,0.000204,189.57843,0.000568,5520.0,0.0,-56.41
624,cotton,-259.6633,-240.6056,-0.407466,20.38501,0.480618,5250.0,20.0,-57.48
625,maize,-226.7611,-241.895,-0.000794,157.000351,0.000655,5280.0,0.0,-58.33
626,maize,-234.1238,-242.6873,-0.000834,137.212067,0.000666,5480.0,0.0,-58.84
627,cotton,-265.4333,-243.3457,-0.052864,14.361933,0.454508,5365.0,40.0,-59.28
628,cotton,-264.517,-243.8108,-0.080521,11.796274,0.478922,5345.0,0.0,-59.58
629,cotton,-261.1979,-244.1803,1.480344,25.282948,0.480812,5280.0,0.0,-59.82
630,cotton,-261.9792,-244.9624,-0.507875,30.783941,0.48789,5295.0,0.0,-60.33
631,cotton,-250.1391,-245.2217,1.947917,60.936665,0.48419,5065.0,0.0,-60.5
632,maize,-223.2235,-245.2463,0.000652,240.508072,0.001021,5200.0,0.0,-60.52
633,maize,-234.495,-245.7114,0.000108,167.828415,0.001024,5440.0,0.0,-60.82
634,maize,-225.8317,-245.8294,-0.000379,71.73719,0.001061,5280.0,0.0,-60.9
635,maize,-220.7177,-245.7942,-3e-05,52.009052,0.001304,5240.0,0.0,-60.88
636,maize,-227.6232,-246.0494,0.000536,91.363243,0.001262,5280.0,0.0,-61.05
637,maize,-230.6088,-246.097,-0.000169,73.246063,0.001292,5320.0,0.0,-61.08
638,cotton,-254.6835,-246.3279,-2.631648,37.26606,0.685908,5150.0,0.0,-61.23
639,cotton,-243.1687,-246.5503,4.851647,54.264832,0.712595,4885.0,10.0,-61.37
640,maize,-235.4277,-246.5833,-0.000878,81.687897,0.001358,5480.0,0.0,-61.4
641,cotton,-252.0083,-246.939,-1.521037,27.441959,0.762244,5100.0,0.0,-61.63
642,maize,-219.0724,-246.7461,0.001286,150.853241,0.001706,5160.0,0.0,-61.5
643,cotton,-223.6243,-246.4866,6.773637,175.192596,0.906368,4550.0,40.0,-61.33
644,cotton,-232.5344,-246.2318,10.319094,136.694412,0.991803,4710.0,40.0,-61.16
645,cotton,-221.4141,-245.8578,7.342986,62.160751,1.050478,4490.0,10.0,-60.92
646,cotton,-214.388,-245.6701,-6.98636,173.59166,1.073035,4375.0,40.0,-60.8
647,cotton,-217.2119,-245.6094,-8.117723,69.969063,1.142864,4420.0,40.0,-60.76
648,maize,-212.6582,-245.1164,-0.002928,232.971222,0.002942,5080.0,0.0,-60.43
649,maize,-235.0445,-244.79,-0.002691,117.18499,0.003029,5480.0,0.0,-60.22
650,cotton,-193.1789,-244.0532,9.947975,59.905266,1.253297,3935.0,5.0,-59.74
651,cotton,-204.5689,-243.8124,8.466218,89.838737,1.315548,4120.0,70.0,-59.58
652,maize,-216.8963,-243.3287,0.002758,67.570213,0.005075,5080.0,0.0,-59.26
653,maize,-229.6181,-243.487,-0.002653,59.066185,0.005331,5320.0,0.0,-59.37
654,cotton,-180.6704,-242.5906,6.694163,64.481918,1.406588,3680.0,60.0,-58.78
655,maize,-240.4125,-242.2333,-0.00113,111.970573,0.005842,5560.0,0.0,-58.55
656,maize,-228.8737,-241.7887,-0.007189,76.863358,0.006782,5400.0,0.0,-58.26
657,cotton,-158.7902,-240.663,4.380751,41.376202,1.437115,3220.0,15.0,-57.52
658,cotton,-167.807,-240.0614,-0.295765,54.428196,1.463919,3385.0,40.0,-57.13
659,cotton,-161.5429,-239.382,-1.715922,15.159209,1.451201,3300.0,90.0,-56.68
660,maize,-218.4832,-239.2814,0.006651,65.891937,0.014678,5120.0,0.0,-56.62
661,cotton,-145.5758,-238.5129,8.113002,72.205391,1.377977,2955.0,30.0,-56.11
662,maize,-226.3905,-238.036,0.009318,55.06234,0.017341,5280.0,0.0,-55.8
663,cotton,-144.7663,-237.2493,3.612663,55.239014,1.326432,2940.0,20.0,-55.29
664,maize,-235.3294,-236.9153,-0.023801,119.897865,0.015678,5480.0,0.0,-55.07
665,cotton,-133.7824,-236.0816,-3.461988,108.584068,1.279049,2810.0,65.0,-54.52
666,maize,-223.1236,-235.6775,-0.059447,246.634781,0.023261,5240.0,0.0,-54.26
667,maize,-230.1157,-235.2482,-0.278734,181.81369,0.036863,5330.0,0.0,-53.98
668,cotton,-129.1425,-234.2833,-2.681266,16.012733,1.190595,2675.0,105.0,-53.34
669,cotton,-130.7831,-232.9422,0.385506,5.015687,1.15731,2655.0,50.0,-52.47
670,maize,-176.5956,-232.3458,-1.07624,543.56189,0.37449,4380.0,0.0,-52.08
671,cotton,-119.0946,-231.3374,1.605701,10.827145,1.060612,2440.0,130.0,-51.42
672,maize,-55.8102,-229.2447,11.971999,2921.581787,0.30103,1990.0,0.0,-50.05
673,cotton,-114.007,-227.6589,0.255196,13.482357,0.947826,2355.0,0.0,-49.01
674,maize,-53.4873,-225.8796,6.621707,2505.683838,0.15426,1845.0,0.0,-47.84
675,cotton,-112.8033,-224.6951,-2.01593,15.785775,0.829589,2330.0,45.0,-47.07
676,maize,-43.5368,-222.8715,4.538238,1980.689331,0.125635,1815.0,0.0,-45.88
677,maize,-48.8869,-221.0682,5.534327,1625.194702,0.147466,1765.0,0.0,-44.69
678,cotton,-115.041,-219.4882,-4.284203,75.249588,0.754044,2345.0,0.0,-43.66
679,cotton,-104.5314,-217.8602,-4.316467,58.88644,0.696731,2215.0,10.0,-42.6
680,maize,-45.3632,-215.586,3.234344,871.253479,0.104473,1780.0,0.0,-41.11
681,maize,-40.3095,-213.7151,2.702726,756.401001,0.121411,1730.0,0.0,-39.88
682,maize,-46.29,-211.4772,2.565714,552.833069,0.096006,1810.0,0.0,-38.42
683,maize,-41.5426,-209.7622,1.190778,351.719147,0.120768,1765.0,0.0,-37.29
684,cotton,-103.2741,-208.1043,-5.33839,85.596855,0.705831,2180.0,40.0,-36.21
685,cotton,-106.7384,-206.4589,-8.285802,139.93721,0.711837,2250.0,0.0,-35.13
686,maize,-48.1643,-204.2372,0.715677,68.454918,0.177523,1870.0,0.0,-33.68
687,maize,-47.5735,-202.0152,0.810073,42.580452,0.199537,1830.0,0.0,-32.22
688,cotton,-101.2214,-200.7349,-7.097083,150.673523,0.676811,2160.0,10.0,-31.39
689,cotton,-101.0061,-199.46,-7.341993,133.437988,0.708894,2130.0,0.0,-30.55
690,maize,-44.3015,-197.1645,-0.397977,20.512636,0.167018,1805.0,0.0,-29.05
691,maize,-39.939,-194.9089,0.066889,29.444326,0.139711,1720.0,0.0,-27.57
692,cotton,-114.2055,-193.3757,-6.319886,129.9561,0.68117,2335.0,5.0,-26.57
693,maize,-41.1864,-191.1365,0.204473,17.994318,0.13099,1785.0,0.0,-25.1
694,cotton,-91.3485,-189.8314,-0.963134,47.763233,0.652631,2045.0,0.0,-24.25
695,maize,-43.2951,-187.5384,-0.166065,11.750498,0.122807,1750.0,0.0,-22.75
696,cotton,-112.8964,-186.4288,-0.098101,42.014114,0.702141,2315.0,0.0,-22.02
697,cotton,-91.7274,-184.6249,5.656873,139.438385,0.685332,2025.0,80.0,-20.84
698,cotton,-96.5298,-182.9301,5.381598,115.252922,0.669965,2090.0,20.0,-19.73
699,cotton,-94.7771,-181.2168,4.770766,79.482971,0.644131,2075.0,80.0,-18.61
700,maize,-41.0978,-179.3176,0.312195,21.444366,0.102405,1740.0,0.0,-17.37
701,maize,-40.9267,-177.572,0.000188,3.59704,0.105897,1705.0,0.0,-16.23
702,maize,-42.352,-175.7427,-0.08745,6.40227,0.119792,1670.0,0.0,-15.03
703,maize,-41.8112,-173.5276,-0.126779,9.993509,0.110433,1700.0,0.0,-13.58
704,maize,-42.3567,-171.7407,0.098244,4.441132,0.10186,1740.0,0.0,-12.41
705,maize,-40.4601,-169.8641,0.022873,11.475925,0.102618,1720.0,0.0,-11.18
706,cotton,-94.3997,-168.1049,-2.948481,43.0508,0.546644,2030.0,0.0,-10.03
707,maize,-39.2963,-166.3149,-0.064407,15.765806,0.138882,1695.0,0.0,-8.86
708,cotton,-106.3381,-164.6602,-3.43836,68.004066,0.566191,2210.0,0.0,-7.77
709,cotton,-91.7569,-162.9535,-2.9335,41.307091,0.564257,2035.0,80.0,-6.66
710,cotton,-104.8792,-161.2846,-1.440213,20.342609,0.571018,2175.0,80.0,-5.56
711,cotton,-93.2509,-160.0852,0.60656,22.48773,0.593659,2050.0,40.0,-4.78
712,cotton,-91.0437,-158.3867,2.288388,33.578735,0.610402,2015.0,50.0,-3.67
713,maize,-46.3255,-156.1012,0.396445,16.982225,0.202672,1755.0,0.0,-2.17
714,cotton,-102.3438,-154.9421,3.252045,35.514557,0.623176,2140.0,25.0,-1.41
715,cotton,-91.007,-153.6284,3.122866,42.368729,0.631652,2045.0,0.0,-0.55
716,maize,-44.8543,-151.8522,-0.896211,44.520668,0.148757,1840.0,0.0,0.61
717,cotton,-105.7598,-150.2873,-3.224298,81.124809,0.695014,2175.0,5.0,1.63
718,maize,-43.1927,-148.5714,-0.290048,13.331949,0.178401,1740.0,0.0,2.76
719,maize,-43.9874,-146.3836,-0.2497,14.019661,0.144972,1765.0,0.0,4.19
720,maize,-41.8862,-144.5591,0.002219,8.313663,0.145257,1690.0,0.0,5.38
721,cotton,-102.3491,-143.3212,-0.370567,9.048836,0.683585,2150.0,40.0,6.19
722,cotton,-98.8652,-141.6847,0.862941,5.389215,0.684606,2100.0,5.0,7.26
723,maize,-37.5814,-139.7101,0.165841,20.645744,0.126096,1690.0,0.0,8.56
724,cotton,-97.3811,-138.0873,-0.554866,19.772625,0.657566,2105.0,100.0,9.62
725,maize,-39.6806,-136.2164,0.248041,14.280366,0.109155,1705.0,0.0,10.84
726,maize,-42.8978,-134.3042,-0.091596,4.891003,0.09091,1670.0,0.0,12.09
727,cotton,-85.2932,-132.5028,-1.902238,52.706219,0.560426,1995.0,40.0,13.27
728,maize,-37.61,-130.2337,0.098132,19.925913,0.063444,1675.0,0.0,14.76
729,cotton,-85.5669,-128.4774,-2.366273,50.028767,0.562199,1985.0,0.0,15.91
730,maize,-40.6419,-126.264,0.016336,5.764871,0.042546,1680.0,0.0,17.36
731,maize,-36.5583,-124.1282,0.100426,5.912264,0.040776,1675.0,0.0,18.75
732,cotton,-101.6158,-122.9121,-2.839257,66.053665,0.580633,2130.0,20.0,19.55
733,maize,-40.224,-120.9694,0.079768,20.175333,0.038526,1700.0,0.0,20.82
734,maize,-38.6456,-119.0976,-0.020262,6.717831,0.025771,1710.0,0.0,22.05
735,cotton,-88.8588,-117.779,2.135951,48.547321,0.59089,1995.0,0.0,22.91
736,cotton,-105.3401,-116.5562,-0.949997,46.245045,0.58849,2185.0,80.0,23.71
737,maize,-36.6683,-114.6168,0.008631,6.01825,0.031606,1650.0,0.0,24.98
738,maize,-37.6025,-112.4459,-0.001639,3.799154,0.027671,1630.0,0.0,26.4
739,cotton,-102.6201,-111.0405,-0.110401,18.827499,0.578161,2130.0,15.0,27.32
740,cotton,-95.8421,-109.6446,1.123343,14.37639,0.572714,2090.0,15.0,28.23
741,cotton,-88.2635,-108.0072,1.038947,29.925367,0.568554,1965.0,0.0,29.31
742,cotton,-98.8444,-106.8049,0.168124,5.308702,0.565974,2090.0,0.0,30.09
743,cotton,-93.0172,-105.4988,-0.176683,26.324387,0.554481,2090.0,0.0,30.95
744,cotton,-93.6411,-104.1099,-0.709167,15.819636,0.545852,2100.0,0.0,31.86
745,maize,-38.4135,-102.2799,-0.160505,41.301918,0.012914,1670.0,0.0,33.06
746,maize,-36.5108,-100.5011,-0.009357,28.499823,0.012987,1635.0,0.0,34.22
747,maize,-39.0373,-98.7193,-0.004974,9.850286,0.011884,1645.0,0.0,35.39
748,cotton,-81.5205,-97.408,0.67846,19.235476,0.56147,1960.0,0.0,36.24
749,maize,-37.5373,-95.4329,-0.000915,6.75036,0.011799,1630.0,0.0,37.54
750,cotton,-99.6495,-94.4976,-3.036629,73.270638,0.631471,2130.0,80.0,38.15
751,cotton,-102.5706,-93.4776,-2.251871,60.933838,0.593541,2170.0,60.0,38.82
752,cotton,-90.4757,-92.2134,0.062954,11.03904,0.567702,2000.0,0.0,39.64
753,cotton,-99.4159,-90.9114,0.897265,13.396313,0.548394,2105.0,45.0,40.5
754,cotton,-93.8528,-90.0432,0.776677,28.902704,0.545046,2060.0,20.0,41.06
755,cotton,-93.8417,-88.5775,1.039798,37.159988,0.562321,2040.0,0.0,42.02
756,maize,-37.3092,-86.6619,0.190123,30.195509,0.008548,1620.0,0.0,43.28
757,maize,-38.8968,-85.4629,0.006027,36.631439,0.009072,1670.0,0.0,44.06
758,cotton,-82.6579,-84.6114,0.084985,133.770477,0.511488,1965.0,0.0,44.62
759,maize,-39.6478,-83.3925,0.002226,10.612282,0.008417,1655.0,0.0,45.42
760,maize,-35.6669,-81.5643,0.001394,7.253981,0.009071,1650.0,0.0,46.61
761,maize,-34.3579,-80.4521,-0.001004,8.355262,0.008232,1605.0,0.0,47.34
762,maize,-37.3317,-78.5616,-0.000801,11.926645,0.008182,1670.0,0.0,48.58
763,maize,-38.1171,-77.4951,-0.00291,13.833859,0.008448,1620.0,0.0,49.28
764,maize,-38.2904,-75.5247,-0.002249,12.897911,0.008852,1650.0,0.0,50.57
765,cotton,-90.7165,-75.094,-4.861243,172.698013,0.45494,2035.0,0.0,50.85
766,cotton,-82.0508,-73.6833,-4.336225,142.226303,0.476813,1935.0,0.0,51.77
767,maize,-34.9133,-71.7313,-0.002919,20.246119,0.011203,1610.0,0.0,53.05
768,cotton,-85.7133,-71.297,-2.527233,101.547928,0.490961,1990.0,0.0,53.33
769,maize,-33.836,-70.3275,0.00131,13.172688,0.011754,1630.0,0.0,53.97
770,cotton,-83.3763,-69.3953,-0.302332,88.147369,0.479375,1950.0,0.0,54.58
771,cotton,-92.0439,-69.1248,-0.93316,59.367336,0.499545,2055.0,5.0,54.76
772,cotton,-89.967,-69.4664,-0.587152,49.189999,0.500601,2040.0,0.0,54.53
773,maize,-42.6953,-68.7533,-0.031689,38.357498,0.014798,1580.0,0.0,55.0
774,cotton,-89.5533,-69.1139,-1.517276,37.430733,0.492291,1965.0,25.0,54.76
775,maize,-37.3317,-68.3592,0.0098,53.624489,0.011833,1670.0,0.0,55.26
776,cotton,-77.0953,-68.6948,1.294718,74.471649,0.462,1870.0,10.0,55.04
777,maize,-36.5616,-68.5715,0.002474,8.442767,0.00918,1615.0,0.0,55.12
778,maize,-36.7322,-67.7884,0.001259,9.149353,0.007081,1665.0,0.0,55.63
779,maize,-36.2249,-67.1054,-5.8e-05,6.710464,0.005943,1640.0,0.0,56.08
780,maize,-36.608,-67.0178,-0.001439,8.239547,0.005438,1635.0,0.0,56.14
781,maize,-39.5069,-67.0098,-0.00088,6.329769,0.004478,1645.0,0.0,56.14
782,maize,-40.2182,-66.9491,-2e-05,14.535861,0.004049,1660.0,0.0,56.18
783,cotton,-84.5004,-67.3787,-1.036926,37.027649,0.317322,1985.0,0.0,55.9
784,cotton,-75.3694,-67.0996,-0.581167,28.33811,0.31426,1850.0,40.0,56.08
785,maize,-33.7895,-66.3701,0.000911,14.560695,0.003256,1650.0,0.0,56.56
786,cotton,-79.3838,-66.6823,3.779983,238.427399,0.317809,1910.0,0.0,56.35
787,cotton,-82.4151,-67.0307,3.546771,240.405029,0.314546,1945.0,0.0,56.13
788,cotton,-82.861,-66.8471,2.101144,139.295151,0.332063,1920.0,0.0,56.25
789,cotton,-85.9101,-66.6962,0.841043,56.900826,0.321115,1960.0,0.0,56.35
790,maize,-33.997,-66.5931,-0.000505,34.298042,0.00261,1595.0,0.0,56.41
791,maize,-36.9639,-66.5634,-0.000507,16.06291,0.002353,1630.0,0.0,56.43
792,cotton,-81.7674,-66.239,-2.625372,99.126297,0.311794,1920.0,0.0,56.64
793,maize,-34.978,-66.1769,0.000161,21.589136,0.002359,1645.0,0.0,56.69
794,cotton,-92.3003,-66.1864,-4.008778,117.025375,0.327633,2025.0,0.0,56.68
795,cotton,-80.2762,-66.5562,-1.744267,104.587982,0.28841,1895.0,0.0,56.44
796,cotton,-90.2152,-66.3294,-1.795116,73.125542,0.302137,2000.0,0.0,56.59
797,maize,-38.5253,-65.7974,0.000147,12.645095,0.002249,1665.0,0.0,56.93
798,maize,-38.7358,-65.2195,0.000231,8.663954,0.002465,1630.0,0.0,57.31
799,cotton,-82.8805,-65.1005,0.546573,136.728165,0.302774,1955.0,0.0,57.39
800,maize,-38.5652,-65.0752,-0.000129,9.180318,0.002434,1635.0,0.0,57.41
801,maize,-36.8577,-65.0345,7.8e-05,7.844953,0.00219,1645.0,0.0,57.43
802,maize,-38.063,-64.9916,0.000115,6.267763,0.002217,1645.0,0.0,57.46
803,maize,-36.7855,-64.9413,-0.000347,5.241647,0.002209,1635.0,0.0,57.49
804,cotton,-85.0284,-65.3681,0.55821,110.297142,0.313318,1950.0,0.0,57.21
805,cotton,-92.7878,-65.8913,-0.2497,53.920731,0.314392,2025.0,5.0,56.87
806,maize,-34.8273,-65.2956,-0.000305,7.753473,0.002118,1625.0,0.0,57.26
807,maize,-34.7115,-65.2498,-0.000265,8.210288,0.002108,1630.0,0.0,57.29
808,maize,-35.7119,-64.5435,0.000326,6.527059,0.002535,1630.0,0.0,57.75
809,cotton,-79.9958,-64.4259,0.965582,63.791031,0.313602,1910.0,0.0,57.83
810,maize,-42.6871,-63.804,0.000352,28.621307,0.002537,1675.0,0.0,58.24
811,maize,-35.0482,-63.2219,-0.061841,13.071026,0.002677,1600.0,0.0,58.62
812,maize,-35.3987,-62.6655,-0.000361,10.166425,0.002452,1610.0,0.0,58.98
813,cotton,-88.609,-63.0883,-1.973494,66.655136,0.318006,1990.0,0.0,58.71
814,cotton,-81.5804,-62.8807,-1.577073,48.974815,0.330549,1900.0,40.0,58.84
815,cotton,-76.0903,-62.7315,-0.210791,39.873367,0.316963,1895.0,0.0,58.94
816,cotton,-80.4626,-63.0876,0.043984,29.031935,0.318607,1925.0,0.0,58.71
817,cotton,-96.5854,-62.9959,-0.716594,34.684425,0.363074,2105.0,0.0,58.77
818,cotton,-85.4921,-63.4189,1.588022,42.800228,0.332698,1980.0,0.0,58.49
819,cotton,-91.9117,-63.8981,1.108963,52.512894,0.35584,2010.0,0.0,58.18
820,maize,-36.1855,-63.8411,0.000726,15.387101,0.002329,1625.0,0.0,58.21
821,cotton,-86.4677,-63.6823,0.56727,29.713392,0.348006,1955.0,0.0,58.32
822,maize,-36.502,-63.0586,1.3e-05,9.00454,0.002204,1625.0,0.0,58.73
823,cotton,-89.6279,-63.5791,-1.304851,30.994175,0.367861,2025.0,0.0,58.39
824,cotton,-89.3226,-63.4985,-1.939252,39.551472,0.360913,1970.0,40.0,58.44
825,maize,-36.6524,-63.4682,-3e-06,6.935361,0.002319,1640.0,0.0,58.46
826,cotton,-82.9362,-63.8686,-0.044714,25.582598,0.351749,1925.0,0.0,58.2
827,cotton,-84.6911,-63.8626,0.212527,24.488699,0.368017,1975.0,0.0,58.2
828,maize,-19.5168,-63.6817,0.012079,207.995255,0.007436,425.0,0.0,58.32
829,maize,-35.2279,-63.1783,5.5e-05,3.928081,0.001794,1650.0,0.0,58.65
830,maize,-38.6525,-63.1584,7e-05,11.724401,0.001567,1635.0,0.0,58.66
831,maize,-38.209,-63.1749,0.000114,18.067015,0.001291,1640.0,0.0,58.65
832,maize,-36.5715,-62.5245,-5.5e-05,4.144638,0.001192,1635.0,0.0,59.08
833,maize,-37.029,-62.4925,-2.6e-05,4.091364,0.00107,1640.0,0.0,59.1
834,maize,-37.4913,-62.481,-0.000125,13.909583,0.000988,1590.0,0.0,59.1
835,cotton,-93.0545,-62.5229,-0.077742,6.029463,0.32651,2020.0,0.0,59.08
836,maize,-37.6838,-61.8464,8.9e-05,13.111403,0.000853,1615.0,0.0,59.52
837,maize,-35.5326,-61.835,0.000132,18.977949,0.000686,1625.0,0.0,59.53
838,cotton,-90.0895,-62.3599,1.35423,14.716835,0.356807,2015.0,0.0,59.18
839,cotton,-93.8369,-62.272,-0.085276,9.19,0.344474,2000.0,0.0,59.24
840,maize,-40.4871,-61.7185,8.1e-05,5.893734,0.000593,1645.0,0.0,59.6
841,cotton,-88.1178,-61.717,0.019666,17.123154,0.359324,2010.0,0.0,59.6
842,maize,-30.2268,-61.0309,1e-05,21.544844,0.000579,1610.0,0.0,60.05
843,maize,-39.0409,-60.4911,-2.3e-05,11.841741,0.000613,1650.0,0.0,60.41
844,cotton,-82.2366,-60.377,-1.101967,39.491302,0.319349,1945.0,0.0,60.48
845,cotton,-84.2048,-60.835,-1.211743,34.194481,0.360552,1960.0,0.0,60.18
846,cotton,-84.1019,-61.3109,-1.202121,27.533834,0.366515,1950.0,40.0,59.87
847,cotton,-90.2042,-61.8225,-0.906131,17.146933,0.410427,1950.0,50.0,59.54
848,maize,-36.2799,-61.3701,-8.4e-05,3.937223,0.00089,1660.0,0.0,59.83
849,maize,-39.3497,-61.3883,5e-05,4.966794,0.000951,1640.0,0.0,59.82
850,maize,-38.0573,-60.7723,0.000191,12.950916,0.001078,1615.0,0.0,60.22
851,maize,-37.3258,-60.1199,0.000197,11.725863,0.001301,1630.0,0.0,60.65
852,cotton,-85.8918,-60.074,6.113632,238.250107,0.491006,1960.0,0.0,60.68
853,maize,-38.8378,-59.4683,-3.4e-05,11.610441,0.001394,1625.0,0.0,61.08
854,maize,-34.8322,-58.8781,0.000157,5.675821,0.001502,1640.0,0.0,61.46
855,cotton,-79.1897,-58.7315,4.597295,141.550018,0.494398,1915.0,40.0,61.56
856,maize,-35.796,-58.7164,-0.000444,27.482779,0.001262,1610.0,0.0,61.57
857,cotton,-90.8648,-59.2361,0.686082,15.549748,0.498865,2030.0,40.0,61.23
858,maize,-34.5528,-58.755,-0.00026,15.042812,0.001109,1660.0,0.0,61.54
859,maize,-34.7048,-58.7056,-0.0003,18.385401,0.00111,1625.0,0.0,61.58
860,maize,-37.975,-58.7287,-0.000231,29.934874,0.001047,1650.0,0.0,61.56
861,maize,-36.6263,-58.7514,-0.000278,21.63332,0.000986,1630.0,0.0,61.55
862,maize,-36.719,-58.7452,-0.000266,19.204491,0.000996,1620.0,0.0,61.55
863,maize,-36.1773,-58.7258,-0.000151,10.032226,0.000986,1640.0,0.0,61.56
864,cotton,-99.115,-59.3341,0.364066,7.487877,0.414601,2115.0,0.0,61.16
865,cotton,-86.0427,-59.2874,1.670731,61.868031,0.411434,2000.0,40.0,61.19
866,cotton,-87.6221,-59.3431,1.680728,61.790012,0.395803,2000.0,0.0,61.16
867,cotton,-85.1298,-59.8452,1.441833,75.588356,0.375537,1980.0,20.0,60.83
868,cotton,-82.0812,-59.8089,0.720658,43.101185,0.425611,1955.0,0.0,60.85
869,maize,-37.8059,-59.8486,9e-06,14.525807,0.001194,1610.0,0.0,60.83
870,cotton,-86.3943,-59.8788,-1.920658,46.319733,0.421769,1970.0,0.0,60.81
871,cotton,-86.3803,-59.8222,-2.489981,63.344261,0.43557,1975.0,0.0,60.84
872,cotton,-86.0031,-59.7825,-2.553822,71.057045,0.444734,1980.0,0.0,60.87
873,cotton,-85.2925,-60.2085,-3.143738,65.660522,0.447264,1975.0,40.0,60.59
874,maize,-36.7286,-59.6802,0.000326,12.441667,0.001505,1640.0,0.0,60.94
875,cotton,-83.9609,-60.1465,-1.741328,42.926159,0.491643,1920.0,0.0,60.63
876,cotton,-93.3723,-60.3093,-1.794628,24.966137,0.501892,2060.0,80.0,60.53
877,maize,-34.8029,-60.2917,0.000566,29.010189,0.001685,1625.0,0.0,60.54
878,maize,-40.6108,-60.3305,0.000664,20.602617,0.001687,1665.0,0.0,60.51
879,maize,-43.9832,-60.4081,0.00077,54.59724,0.001657,1695.0,0.0,60.46
880,cotton,-84.6475,-60.8885,2.6209,42.986351,0.510804,1985.0,20.0,60.15
881,maize,-35.743,-60.8508,0.000283,13.512294,0.001761,1620.0,0.0,60.17
882,cotton,-83.4624,-61.2833,1.078756,16.716944,0.565577,1975.0,0.0,59.89
883,cotton,-92.7399,-61.3657,-1.208296,18.159056,0.544869,2050.0,40.0,59.83
884,maize,-35.7696,-60.9697,-0.000133,5.207015,0.00189,1640.0,0.0,60.09
885,cotton,-90.5236,-61.537,-1.876393,25.886271,0.560161,2045.0,40.0,59.72
886,cotton,-94.218,-61.6854,-2.683486,36.806805,0.561934,2030.0,40.0,59.63
887,maize,-38.065,-61.2419,-0.000287,6.522544,0.001749,1640.0,0.0,59.92
888,cotton,-90.2984,-61.3162,0.401673,6.634727,0.533291,2015.0,45.0,59.87
889,cotton,-95.6553,-61.4137,0.735312,15.280452,0.542732,2055.0,0.0,59.8
890,maize,-36.2384,-61.4361,-0.000328,7.994512,0.001647,1615.0,0.0,59.79
891,maize,-31.7344,-61.3838,-2.5e-05,5.882646,0.001382,1640.0,0.0,59.82
892,cotton,-93.9574,-61.5057,1.552105,18.597002,0.543826,2065.0,0.0,59.74
893,maize,-37.6406,-61.5323,-0.000181,5.649887,0.001716,1620.0,0.0,59.73
894,cotton,-87.8828,-61.4882,1.633703,40.499619,0.515114,2025.0,60.0,59.75
895,cotton,-85.8285,-61.5437,0.883446,32.431438,0.500755,1980.0,85.0,59.72
896,cotton,-91.8787,-61.5603,-0.668741,19.18466,0.507693,2050.0,40.0,59.71
897,maize,-40.0177,-61.5752,-1.6e-05,20.178041,0.001506,1665.0,0.0,59.7
898,maize,-39.2145,-61.58,-0.000161,10.456084,0.001734,1625.0,0.0,59.69
899,cotton,-90.0653,-61.6519,-0.619561,11.591698,0.56798,2015.0,0.0,59.65
900,maize,-37.3328,-61.6395,0.000155,5.797053,0.001801,1645.0,0.0,59.66
901,cotton,-92.093,-62.1919,0.635779,11.475192,0.579636,2035.0,50.0,59.29
902,maize,-40.7177,-62.2184,0.00061,24.049885,0.001975,1670.0,0.0,59.28
903,maize,-35.8989,-62.2096,0.000486,7.709069,0.002124,1630.0,0.0,59.28
904,maize,-38.3309,-61.7426,0.000281,4.1839,0.002274,1665.0,0.0,59.59
905,maize,-39.1855,-61.2066,-0.000105,2.046764,0.002241,1630.0,0.0,59.94
906,maize,-33.5868,-61.1942,6.1e-05,3.409668,0.002298,1625.0,0.0,59.95
907,cotton,-93.0273,-61.7773,-1.827017,18.908857,0.657431,2080.0,110.0,59.57
908,cotton,-90.0311,-62.3205,-1.515473,13.499299,0.688156,2010.0,10.0,59.21
909,cotton,-103.3194,-62.5538,-2.629754,36.267456,0.753014,2165.0,20.0,59.06
910,cotton,-86.5521,-62.9924,0.711292,17.862165,0.755323,2000.0,90.0,58.77
911,maize,-39.1185,-63.0331,-0.001715,18.108606,0.003955,1615.0,0.0,58.74
912,cotton,-92.7437,-63.6066,1.317605,13.714808,0.796016,2065.0,40.0,58.37
913,cotton,-96.5637,-63.6861,0.924499,3.74192,0.819219,2085.0,5.0,58.32
914,cotton,-96.9314,-63.8396,0.303359,7.516419,0.818649,2095.0,110.0,58.22
915,maize,-36.7572,-63.4463,-0.000986,4.733734,0.004466,1620.0,0.0,58.47
916,maize,-36.868,-63.0104,-0.000906,4.195476,0.004586,1630.0,0.0,58.76
917,maize,-34.8261,-62.3928,0.000134,3.423108,0.004978,1650.0,0.0,59.16
918,maize,-36.7817,-61.9057,0.000288,3.17772,0.005426,1655.0,0.0,59.48
919,cotton,-81.962,-61.8062,1.730649,63.933029,0.811504,1955.0,80.0,59.55
920,cotton,-95.3353,-62.3977,-0.164272,6.578367,0.832156,2075.0,100.0,59.16
921,maize,-39.0116,-61.9231,0.00084,8.646076,0.005868,1625.0,0.0,59.47
922,maize,-40.2035,-61.9601,0.0005,9.309822,0.005619,1650.0,0.0,59.45
923,cotton,-96.2102,-62.0259,-1.369709,9.84361,0.78722,2065.0,60.0,59.4
924,maize,-34.8449,-61.4812,-0.000718,23.626419,0.005666,1605.0,0.0,59.76
925,maize,-36.194,-61.4766,-0.000665,11.738157,0.005667,1610.0,0.0,59.76
926,cotton,-88.2994,-61.5302,0.099081,8.73219,0.781331,1995.0,180.0,59.73
927,maize,-38.772,-61.071,-0.000923,4.919077,0.0062,1605.0,0.0,60.03
928,maize,-35.0634,-61.2265,0.000662,4.320974,0.007061,1625.0,0.0,59.93
929,maize,-34.9802,-61.224,-0.015554,7.601284,0.006755,1610.0,40.0,59.93
930,cotton,-87.5981,-61.7135,-2.459217,46.885391,0.829763,1975.0,90.0,59.61
931,cotton,-80.6801,-62.1382,-1.884027,16.98851,0.832226,1950.0,80.0,59.33
932,cotton,-93.9447,-62.7119,-4.317956,79.208405,0.87914,2065.0,110.0,58.95
933,cotton,-99.641,-63.338,-3.974061,86.038292,0.931509,2125.0,120.0,58.54
934,maize,-39.0449,-63.3536,-0.000881,8.64541,0.009437,1650.0,0.0,58.53
935,cotton,-96.3887,-63.3869,0.138094,28.702633,0.967162,2090.0,220.0,58.51
936,cotton,-90.6848,-63.9169,3.455777,20.484221,0.951662,2045.0,165.0,58.16
937,maize,-35.8776,-63.9204,0.002006,2.826417,0.012392,1635.0,0.0,58.16
938,maize,-37.6406,-63.3959,-0.000445,1.481737,0.014049,1620.0,0.0,58.51
939,maize,-38.0175,-62.8377,0.051127,12.103945,0.013771,1645.0,0.0,58.87
940,cotton,-92.238,-63.3552,8.230425,81.61438,1.063437,2025.0,390.0,58.53
941,maize,-33.3648,-62.8077,0.001981,6.516566,0.016476,1615.0,0.0,58.89
942,maize,-34.6847,-62.8522,0.000904,4.312327,0.017791,1635.0,0.0,58.86
943,maize,-35.1386,-62.8132,-0.047702,5.56004,0.018421,1630.0,0.0,58.89
944,maize,-36.0169,-62.351,-0.005825,6.300706,0.021158,1620.0,0.0,59.19
945,maize,-40.1306,-61.9103,-0.026597,7.17308,0.025681,1665.0,0.0,59.48
946,maize,-38.7919,-61.4572,-0.000184,5.500904,0.028696,1645.0,0.0,59.77
947,cotton,-93.3074,-61.4882,8.501187,154.582291,1.226375,2050.0,215.0,59.75
948,cotton,-87.2159,-61.9976,9.773709,183.465866,1.269416,1975.0,350.0,59.42
949,cotton,-97.2418,-62.5765,8.462601,95.198013,1.32039,2090.0,355.0,59.04
950,cotton,-94.0718,-63.1366,6.26381,83.124886,1.284688,2055.0,370.0,58.68
951,maize,-35.4683,-63.1181,-0.023484,17.451895,0.042942,1620.0,40.0,58.69
952,cotton,-89.575,-63.1549,0.243131,28.138968,1.264655,2045.0,345.0,58.66
953,maize,-36.8688,-63.1352,0.002165,3.652935,0.044961,1620.0,0.0,58.68
954,maize,-38.6858,-63.1737,-0.016608,9.075706,0.04199,1660.0,40.0,58.65
955,maize,-37.3222,-62.7551,-0.131823,6.055693,0.042235,1645.0,0.0,58.93
956,maize,-37.0569,-62.7677,-0.065286,16.910553,0.036659,1590.0,0.0,58.92
957,maize,-40.7631,-62.2666,-0.023214,8.613894,0.030781,1645.0,0.0,59.24
958,cotton,-100.8292,-62.9294,-13.906699,189.581757,1.256794,2115.0,280.0,58.81
959,cotton,-103.4419,-63.6168,-13.388932,163.857849,1.287997,2155.0,465.0,58.36
960,cotton,-87.388,-64.1109,-7.023788,64.365364,1.075712,2010.0,320.0,58.04
961,cotton,-104.2356,-64.787,-10.030771,116.591278,1.385026,2145.0,290.0,57.6
962,maize,-31.1558,-64.7314,0.167435,66.007996,0.019928,1610.0,0.0,57.63
963,maize,-34.5165,-64.7148,0.206407,68.967285,0.020552,1625.0,0.0,57.64
964,cotton,-93.2469,-64.6561,1.027807,11.235045,1.151645,2070.0,375.0,57.68
965,maize,-39.4276,-64.1899,0.023898,41.245865,0.027609,1630.0,0.0,57.99
966,cotton,-93.8263,-64.252,1.325433,9.739303,1.205169,2025.0,305.0,57.95
967,maize,-39.0423,-63.7911,0.267367,26.830433,0.025732,1670.0,40.0,58.25
968,maize,-39.7379,-63.3677,0.27717,21.73337,0.030089,1665.0,40.0,58.52
969,cotton,-90.6073,-63.8957,-4.870614,26.208769,1.186766,1995.0,340.0,58.18
970,maize,-41.0936,-63.4427,0.013359,8.318421,0.04524,1645.0,0.0,58.48
971,cotton,-104.4094,-63.623,-10.249442,92.447495,1.425028,2170.0,360.0,58.36
972,cotton,-98.541,-63.7483,-8.783135,55.082592,1.316275,2095.0,250.0,58.28
973,cotton,-99.5951,-63.8914,-6.261429,30.33717,1.345491,2125.0,405.0,58.18
974,maize,-32.8903,-63.853,-0.008268,7.850001,0.057606,1635.0,0.0,58.21
975,maize,-34.5216,-63.3586,-0.007277,6.142343,0.065243,1635.0,0.0,58.53
976,maize,-38.8213,-62.8131,-0.078875,9.523641,0.069377,1635.0,0.0,58.89
977,maize,-35.6773,-62.8218,-0.076177,5.496654,0.08457,1640.0,0.0,58.88
978,cotton,-101.6928,-63.4326,4.371818,14.832024,1.645644,2130.0,310.0,58.48
979,cotton,-91.0446,-63.9033,2.941372,61.507618,1.362567,2045.0,370.0,58.17
980,maize,-38.0981,-63.4378,-0.069677,5.586619,0.140252,1650.0,20.0,58.48
981,cotton,-103.7643,-64.118,2.994424,25.432827,1.590562,2175.0,300.0,58.03
982,cotton,-92.1519,-64.2049,3.51107,69.437859,1.439588,2080.0,395.0,57.98
983,maize,-35.9245,-63.6367,-0.159987,4.064294,0.200034,1650.0,120.0,58.35
984,maize,-32.1948,-63.601,-0.235733,16.535446,0.246823,1615.0,20.0,58.37
985,maize,-35.843,-63.0542,-0.113409,4.565426,0.352817,1630.0,140.0,58.73
986,maize,-36.3733,-62.4757,-0.042903,3.29301,0.309934,1650.0,280.0,59.11
987,cotton,-103.835,-63.1334,-5.552208,28.696835,1.677889,2160.0,415.0,58.68
988,cotton,-101.835,-63.2488,-3.543155,13.279447,1.661807,2135.0,335.0,58.6
989,maize,-35.5578,-62.6478,0.256459,6.981959,0.178977,1645.0,440.0,59.0
990,maize,-40.4477,-62.6899,0.554565,9.029058,0.170718,1675.0,420.0,58.97
991,cotton,-94.1631,-63.3142,3.24406,18.606012,1.523802,2060.0,495.0,58.56
992,maize,-38.0493,-62.7551,0.319059,15.198537,0.169167,1650.0,440.0,58.93
993,cotton,-100.5936,-63.3846,-1.630063,7.27086,1.56047,2125.0,495.0,58.51
994,cotton,-101.2741,-63.5186,-2.161137,9.939909,1.582457,2130.0,490.0,58.43
995,maize,-38.2164,-63.0424,0.077712,9.411572,0.142347,1660.0,420.0,58.74
996,cotton,-101.5898,-63.1395,-0.77047,5.507164,1.588715,2175.0,515.0,58.67
997,cotton,-97.6663,-63.716,1.304672,11.60582,1.573808,2105.0,490.0,58.3
998,cotton,-103.9583,-64.3635,1.260408,13.118034,1.633869,2170.0,530.0,57.87
999,maize,-38.6819,-63.8496,-0.028334,1.628544,0.146327,1645.0,480.0,58.21
1000,maize,-37.6158,-63.8525,-0.038897,2.86804,0.149351,1635.0,440.0,58.21
