episode,crop,dap,xlai,topwt,water_mm,nitrogen_kg
1,maize,0,0.0,0.0,30.0,0.0
1,maize,0,0.0,0.0,20.0,0.0
1,maize,0,0.0,0.0,0.0,0.0
1,maize,0,0.0,0.0,10.0,0.0
1,maize,0,0.0,0.0,20.0,0.0
1,maize,0,0.0,0.0,30.0,0.0
1,maize,0,0.0,0.0,0.0,0.0
1,maize,0,0.0,0.0,10.0,0.0
1,maize,0,0.0,0.0,30.0,0.0
1,maize,0,0.0,0.0,30.0,0.0
1,maize,0,0.0,0.0,0.0,0.0
1,maize,0,0.0,0.0,0.0,0.0
1,maize,0,0.0,0.0,0.0,0.0
1,maize,0,0.0,0.0,30.0,0.0
1,maize,0,0.0,0.0,10.0,0.0
1,maize,0,0.0,0.0,10.0,0.0
1,maize,0,0.0,0.0,10.0,0.0
1,maize,0,0.0,0.0,40.0,0.0
1,maize,0,0.0,0.0,20.0,0.0
1,maize,0,0.0,0.0,0.0,0.0
1,maize,0,0.0,0.0,30.0,0.0
1,maize,0,0.0,0.0,0.0,0.0
1,maize,0,0.0,0.0,10.0,0.0
1,maize,0,0.0,0.0,0.0,0.0
1,maize,0,0.0,0.0,0.0,0.0
1,maize,0,0.0,0.0,10.0,0.0
1,maize,0,0.0,0.0,20.0,0.0
1,maize,1,0.0,0.0,40.0,0.0
1,maize,2,0.0,0.0,0.0,0.0
1,maize,3,0.0,0.0,40.0,0.0
1,maize,4,0.0,0.0,30.0,0.0
1,maize,5,0.0,0.0,10.0,0.0
1,maize,6,0.0,0.0,0.0,0.0
1,maize,7,0.0,0.0,40.0,0.0
1,maize,8,0.0,0.0,0.0,0.0
1,maize,9,0.0,0.0,30.0,0.0
1,maize,10,0.0,0.0,10.0,0.0
1,maize,11,0.0,0.0,10.0,0.0
1,maize,12,0.0,0.0,0.0,0.0
1,maize,13,0.0,0.0,30.0,0.0
1,maize,14,0.0,0.0,20.0,0.0
1,maize,15,0.0,0.0,30.0,0.0
1,maize,16,0.0,0.0,40.0,0.0
1,maize,17,0.0,0.0,10.0,0.0
1,maize,18,0.0,0.0,10.0,0.0
1,maize,19,0.0,0.0,30.0,0.0
1,maize,20,0.0022,28.8,30.0,0.0
1,maize,21,0.0038,28.8,40.0,0.0
1,maize,22,0.0069,28.8,10.0,0.0
1,maize,23,0.0096,28.8,0.0,0.0
1,maize,24,0.0124,28.8,40.0,0.0
1,maize,25,0.0172,28.8,0.0,0.0
1,maize,26,0.0216,28.8,30.0,0.0
1,maize,27,0.0352,28.8,40.0,0.0
1,maize,28,0.0509,29.36,30.0,0.0
1,maize,29,0.0687,36.2,20.0,0.0
1,maize,30,0.093,46.27,30.0,0.0
1,maize,31,0.1232,60.04,40.0,0.0
1,maize,32,0.1459,72.11,0.0,0.0
1,maize,33,0.1689,85.68,40.0,0.0
1,maize,34,0.1998,105.02,10.0,0.0
1,maize,35,0.2311,126.42,20.0,0.0
1,maize,36,0.2687,142.73,10.0,0.0
1,maize,37,0.2888,160.24,10.0,0.0
1,maize,38,0.3044,176.15,20.0,0.0
1,maize,39,0.2983,180.48,10.0,0.0
1,maize,40,0.2922,184.69,0.0,0.0
1,maize,41,0.2962,194.12,20.0,0.0
1,maize,42,0.3533,226.42,40.0,0.0
1,maize,43,0.4496,283.25,40.0,0.0
1,maize,44,0.5595,355.28,30.0,0.0
1,maize,45,0.6704,428.26,10.0,0.0
1,maize,46,0.7678,495.24,10.0,0.0
1,maize,47,0.878,574.32,0.0,0.0
1,maize,48,0.9561,632.24,0.0,0.0
1,maize,49,1.0496,703.98,20.0,0.0
1,maize,50,1.1421,777.33,0.0,0.0
1,maize,51,1.2228,843.44,30.0,0.0
1,maize,52,1.3638,964.32,40.0,0.0
1,maize,53,1.5025,1089.52,0.0,0.0
1,maize,54,1.6336,1213.99,30.0,0.0
1,maize,55,1.778,1358.72,30.0,0.0
1,maize,56,1.8717,1462.18,0.0,0.0
1,maize,57,1.9625,1579.94,20.0,0.0
1,maize,58,2.0582,1718.28,10.0,0.0
1,maize,59,2.1125,1822.14,20.0,0.0
1,maize,60,2.1361,1901.38,10.0,0.0
1,maize,61,2.146,1972.13,10.0,0.0
1,maize,62,2.1401,2028.1,40.0,0.0
1,maize,63,2.1237,2074.31,0.0,0.0
1,maize,64,2.1157,2136.15,30.0,0.0
1,maize,65,2.1262,2230.02,40.0,0.0
1,maize,66,2.1436,2342.44,10.0,0.0
1,maize,67,2.1503,2448.05,30.0,0.0
1,maize,68,2.1488,2550.11,40.0,0.0
1,maize,69,2.1385,2645.34,30.0,0.0
1,maize,70,2.1272,2747.08,40.0,0.0
1,maize,71,2.1157,2856.17,20.0,0.0
1,maize,72,2.0981,2960.81,10.0,0.0
1,maize,73,2.0825,3077.82,10.0,0.0
1,maize,74,2.113,3262.84,30.0,0.0
1,maize,75,2.1044,3406.9,40.0,0.0
1,maize,76,2.0773,3528.09,10.0,0.0
1,maize,77,2.0451,3649.61,30.0,0.0
1,maize,78,2.006,3758.39,0.0,0.0
1,maize,79,1.966,3869.59,40.0,0.0
1,maize,80,1.925,3979.24,0.0,0.0
1,maize,81,1.8825,4084.31,30.0,0.0
1,maize,82,1.9053,4326.97,40.0,0.0
1,maize,83,1.9452,4586.1,30.0,0.0
1,maize,84,1.9876,4849.83,40.0,0.0
1,maize,85,2.0311,5125.01,40.0,0.0
1,maize,86,2.0732,5404.36,20.0,0.0
1,maize,87,2.1108,5675.77,40.0,0.0
1,maize,88,2.0792,5917.89,10.0,0.0
1,maize,89,2.0478,6126.21,0.0,0.0
1,maize,90,2.0163,6317.89,30.0,0.0
1,maize,91,1.9853,6512.42,0.0,0.0
1,maize,92,1.9549,6733.9,20.0,0.0
1,maize,93,1.9255,6919.68,20.0,0.0
1,maize,94,1.897,7094.18,10.0,0.0
1,maize,95,1.8697,7255.55,10.0,0.0
1,maize,96,1.8438,7391.38,10.0,0.0
1,maize,97,1.8194,7598.9,10.0,0.0
1,maize,98,1.7923,7792.95,0.0,0.0
1,maize,99,1.7641,7987.0,10.0,0.0
1,maize,100,1.7348,8181.05,40.0,0.0
1,maize,101,1.7044,8355.38,10.0,0.0
1,maize,102,1.6733,8543.83,20.0,0.0
1,maize,103,1.6411,8737.43,40.0,0.0
1,maize,104,1.6079,8931.93,30.0,0.0
1,maize,105,1.5737,9100.96,0.0,0.0
1,maize,106,1.539,9263.45,0.0,0.0
1,maize,107,1.5041,9398.41,0.0,0.0
1,maize,108,1.4696,9516.34,30.0,0.0
1,maize,109,1.4355,9657.31,0.0,0.0
1,maize,110,1.4012,9792.77,0.0,0.0
1,maize,111,1.367,9951.84,40.0,0.0
1,maize,112,1.3323,10117.76,40.0,0.0
1,maize,113,1.297,10272.66,40.0,0.0
1,maize,114,1.2614,10424.75,0.0,0.0
1,maize,115,1.2254,10566.55,30.0,0.0
1,maize,116,1.1896,10726.81,20.0,0.0
1,maize,117,1.1532,10879.48,40.0,0.0
1,maize,118,1.1168,11022.55,30.0,0.0
1,maize,119,1.0799,11154.83,30.0,0.0
1,maize,120,1.043,11273.13,20.0,0.0
1,maize,121,1.0061,11383.7,40.0,0.0
1,maize,122,0.9696,11491.72,10.0,0.0
1,maize,123,0.9336,11592.79,20.0,0.0
1,maize,124,0.8984,11691.54,0.0,0.0
1,maize,125,0.864,11783.67,40.0,0.0
1,maize,126,0.8301,11874.26,20.0,0.0
1,maize,127,0.7972,11958.25,0.0,0.0
1,maize,128,0.7653,12038.99,10.0,0.0
1,maize,129,0.7344,12097.15,20.0,0.0
1,maize,130,0.7042,12153.63,0.0,0.0
1,maize,131,0.6753,12215.16,10.0,0.0
1,maize,132,0.6478,12279.44,30.0,0.0
1,maize,133,0.6478,12279.44,40.0,0.0
1,maize,134,0.6478,12279.44,10.0,0.0
1,maize,135,0.6478,12279.44,10.0,0.0
1,maize,135,0.6478,12279.44,40.0,0.0
500,maize,0,0.0,0.0,30.0,0.0
500,maize,0,0.0,0.0,40.0,0.0
500,maize,0,0.0,0.0,20.0,0.0
500,maize,0,0.0,0.0,20.0,0.0
500,maize,0,0.0,0.0,20.0,0.0
500,maize,0,0.0,0.0,10.0,0.0
500,maize,0,0.0,0.0,10.0,0.0
500,maize,0,0.0,0.0,0.0,0.0
500,maize,0,0.0,0.0,30.0,0.0
500,maize,0,0.0,0.0,0.0,0.0
500,maize,0,0.0,0.0,30.0,0.0
500,maize,0,0.0,0.0,30.0,0.0
500,maize,0,0.0,0.0,20.0,0.0
500,maize,0,0.0,0.0,10.0,0.0
500,maize,0,0.0,0.0,30.0,0.0
500,maize,0,0.0,0.0,0.0,0.0
500,maize,0,0.0,0.0,30.0,0.0
500,maize,0,0.0,0.0,20.0,0.0
500,maize,0,0.0,0.0,40.0,0.0
500,maize,0,0.0,0.0,40.0,0.0
500,maize,0,0.0,0.0,20.0,0.0
500,maize,0,0.0,0.0,30.0,0.0
500,maize,0,0.0,0.0,10.0,0.0
500,maize,0,0.0,0.0,0.0,0.0
500,maize,0,0.0,0.0,10.0,0.0
500,maize,0,0.0,0.0,10.0,0.0
500,maize,0,0.0,0.0,20.0,0.0
500,maize,1,0.0,0.0,0.0,0.0
500,maize,2,0.0,0.0,20.0,0.0
500,maize,3,0.0,0.0,30.0,0.0
500,maize,4,0.0,0.0,30.0,0.0
500,maize,5,0.0,0.0,0.0,0.0
500,maize,6,0.0,0.0,10.0,0.0
500,maize,7,0.0,0.0,20.0,0.0
500,maize,8,0.0,0.0,0.0,0.0
500,maize,9,0.0,0.0,0.0,0.0
500,maize,10,0.0,0.0,20.0,0.0
500,maize,11,0.0,0.0,20.0,0.0
500,maize,12,0.0,0.0,30.0,0.0
500,maize,13,0.0021,28.8,20.0,0.0
500,maize,14,0.0036,28.8,0.0,0.0
500,maize,15,0.0047,28.8,0.0,0.0
500,maize,16,0.0066,28.8,20.0,0.0
500,maize,17,0.0113,28.8,30.0,0.0
500,maize,18,0.0166,28.8,0.0,0.0
500,maize,19,0.0206,28.8,40.0,0.0
500,maize,20,0.0339,28.8,10.0,0.0
500,maize,21,0.0476,28.8,40.0,0.0
500,maize,22,0.0581,32.06,20.0,0.0
500,maize,23,0.0717,37.36,0.0,0.0
500,maize,24,0.0854,43.02,10.0,0.0
500,maize,25,0.1042,51.3,20.0,0.0
500,maize,26,0.133,65.14,40.0,0.0
500,maize,27,0.1489,74.3,40.0,0.0
500,maize,28,0.1707,87.78,30.0,0.0
500,maize,29,0.1988,105.93,40.0,0.0
500,maize,30,0.2124,117.98,0.0,0.0
500,maize,31,0.2411,139.69,30.0,0.0
500,maize,32,0.27,151.54,40.0,0.0
500,maize,33,0.2712,159.57,20.0,0.0
500,maize,34,0.2704,166.71,20.0,0.0
500,maize,35,0.2569,166.66,30.0,0.0
500,maize,36,0.2442,166.61,30.0,0.0
500,maize,37,0.232,166.57,0.0,0.0
500,maize,38,0.2232,167.83,20.0,0.0
500,maize,39,0.2172,170.23,10.0,0.0
500,maize,40,0.2098,173.48,40.0,0.0
500,maize,41,0.2066,176.98,30.0,0.0
500,maize,42,0.258,206.0,40.0,0.0
500,maize,43,0.3114,240.28,20.0,0.0
500,maize,44,0.3794,281.81,0.0,0.0
500,maize,45,0.4524,328.2,20.0,0.0
500,maize,46,0.5499,393.36,10.0,0.0
500,maize,47,0.6659,475.32,0.0,0.0
500,maize,48,0.7885,567.03,40.0,0.0
500,maize,49,0.8928,648.89,0.0,0.0
500,maize,50,0.9868,725.88,0.0,0.0
500,maize,51,1.0895,813.7,40.0,0.0
500,maize,52,1.2343,944.69,20.0,0.0
500,maize,53,1.3782,1083.16,10.0,0.0
500,maize,54,1.4909,1197.01,30.0,0.0
500,maize,55,1.582,1292.88,20.0,0.0
500,maize,56,1.6882,1412.29,40.0,0.0
500,maize,57,1.7684,1515.08,30.0,0.0
500,maize,58,1.8252,1604.25,30.0,0.0
500,maize,59,1.8628,1681.33,40.0,0.0
500,maize,60,1.883,1745.43,20.0,0.0
500,maize,61,1.8981,1810.12,30.0,0.0
500,maize,62,1.9169,1886.19,40.0,0.0
500,maize,63,1.9285,1958.67,40.0,0.0
500,maize,64,1.9499,2053.09,30.0,0.0
500,maize,65,1.9851,2178.47,0.0,0.0
500,maize,66,2.0241,2324.13,0.0,0.0
500,maize,67,2.0523,2467.57,10.0,0.0
500,maize,68,2.065,2598.5,20.0,0.0
500,maize,69,2.1113,2800.76,40.0,0.0
500,maize,70,2.1192,2966.93,20.0,0.0
500,maize,71,2.0952,3080.79,20.0,0.0
500,maize,72,2.0703,3209.12,20.0,0.0
500,maize,73,2.0362,3320.01,20.0,0.0
500,maize,74,2.0005,3433.98,0.0,0.0
500,maize,75,1.9596,3534.09,10.0,0.0
500,maize,76,1.9126,3613.62,20.0,0.0
500,maize,77,1.8609,3673.03,40.0,0.0
500,maize,78,1.8134,3743.81,10.0,0.0
500,maize,79,1.7739,3841.47,40.0,0.0
500,maize,80,1.7349,3936.1,20.0,0.0
500,maize,81,1.6948,4022.8,30.0,0.0
500,maize,82,1.7124,4219.81,20.0,0.0
500,maize,83,1.7444,4423.61,40.0,0.0
500,maize,84,1.7944,4687.09,20.0,0.0
500,maize,85,1.8433,4948.13,0.0,0.0
500,maize,86,1.8257,5179.2,10.0,0.0
500,maize,87,1.8079,5410.34,0.0,0.0
500,maize,88,1.7901,5634.02,0.0,0.0
500,maize,89,1.7727,5865.34,40.0,0.0
500,maize,90,1.7553,6087.83,0.0,0.0
500,maize,91,1.7382,6303.69,0.0,0.0
500,maize,92,1.7217,6518.39,10.0,0.0
500,maize,93,1.7062,6735.22,0.0,0.0
500,maize,94,1.6919,6901.15,0.0,0.0
500,maize,95,1.6791,7068.29,20.0,0.0
500,maize,96,1.6678,7287.5,20.0,0.0
500,maize,97,1.6531,7502.46,0.0,0.0
500,maize,98,1.6358,7725.93,10.0,0.0
500,maize,99,1.6162,7936.83,20.0,0.0
500,maize,100,1.594,8135.43,10.0,0.0
500,maize,101,1.5699,8367.71,10.0,0.0
500,maize,102,1.5438,8555.04,30.0,0.0
500,maize,103,1.5154,8744.33,40.0,0.0
500,maize,104,1.4856,8977.97,40.0,0.0
500,maize,105,1.4544,9197.78,40.0,0.0
500,maize,106,1.4215,9387.8,30.0,0.0
500,maize,107,1.387,9546.89,40.0,0.0
500,maize,108,1.3511,9705.29,30.0,0.0
500,maize,109,1.3147,9852.63,0.0,0.0
500,maize,110,1.2778,10020.4,0.0,0.0
500,maize,111,1.2416,10182.82,30.0,0.0
500,maize,112,1.2047,10344.15,30.0,0.0
500,maize,113,1.1668,10472.47,20.0,0.0
500,maize,114,1.1286,10582.17,0.0,0.0
500,maize,115,1.091,10714.86,40.0,0.0
500,maize,116,1.0535,10842.33,10.0,0.0
500,maize,117,1.0165,10959.82,40.0,0.0
500,maize,118,0.9795,11046.31,20.0,0.0
500,maize,119,0.9425,11127.98,10.0,0.0
500,maize,120,0.9062,11207.79,30.0,0.0
500,maize,121,0.8705,11288.09,0.0,0.0
500,maize,122,0.8359,11363.55,30.0,0.0
500,maize,123,0.8028,11444.69,10.0,0.0
500,maize,124,0.7704,11507.98,0.0,0.0
500,maize,125,0.739,11564.35,0.0,0.0
500,maize,126,0.7087,11633.64,40.0,0.0
500,maize,127,0.6792,11701.11,40.0,0.0
500,maize,128,0.6505,11763.59,20.0,0.0
500,maize,129,0.6227,11808.7,0.0,0.0
500,maize,130,0.5961,11863.91,10.0,0.0
500,maize,131,0.5706,11914.67,0.0,0.0
500,maize,132,0.5463,11964.41,10.0,0.0
500,maize,133,0.5463,11964.41,10.0,0.0
500,maize,134,0.5463,11964.41,20.0,0.0
500,maize,134,0.5463,11964.41,40.0,0.0
1000,maize,0,0.0,0.0,20.0,0.0
1000,maize,0,0.0,0.0,30.0,0.0
1000,maize,0,0.0,0.0,30.0,0.0
1000,maize,0,0.0,0.0,20.0,0.0
1000,maize,0,0.0,0.0,30.0,0.0
1000,maize,0,0.0,0.0,20.0,0.0
1000,maize,0,0.0,0.0,30.0,0.0
1000,maize,0,0.0,0.0,40.0,0.0
1000,maize,0,0.0,0.0,10.0,0.0
1000,maize,0,0.0,0.0,40.0,0.0
1000,maize,0,0.0,0.0,10.0,0.0
1000,maize,0,0.0,0.0,30.0,0.0
1000,maize,0,0.0,0.0,40.0,0.0
1000,maize,0,0.0,0.0,10.0,0.0
1000,maize,0,0.0,0.0,20.0,0.0
1000,maize,0,0.0,0.0,40.0,0.0
1000,maize,0,0.0,0.0,10.0,0.0
1000,maize,0,0.0,0.0,30.0,0.0
1000,maize,0,0.0,0.0,40.0,0.0
1000,maize,0,0.0,0.0,0.0,0.0
1000,maize,0,0.0,0.0,40.0,0.0
1000,maize,0,0.0,0.0,40.0,0.0
1000,maize,0,0.0,0.0,40.0,0.0
1000,maize,0,0.0,0.0,30.0,0.0
1000,maize,0,0.0,0.0,40.0,0.0
1000,maize,0,0.0,0.0,40.0,0.0
1000,maize,0,0.0,0.0,20.0,0.0
1000,maize,1,0.0,0.0,20.0,0.0
1000,maize,2,0.0,0.0,40.0,0.0
1000,maize,3,0.0,0.0,0.0,0.0
1000,maize,4,0.0,0.0,0.0,0.0
1000,maize,5,0.0,0.0,0.0,0.0
1000,maize,6,0.0,0.0,30.0,0.0
1000,maize,7,0.0,0.0,0.0,0.0
1000,maize,8,0.0,0.0,0.0,0.0
1000,maize,9,0.0034,28.8,20.0,0.0
1000,maize,10,0.0063,28.8,20.0,0.0
1000,maize,11,0.0095,28.8,40.0,0.0
1000,maize,12,0.013,28.8,40.0,0.0
1000,maize,13,0.0141,28.8,0.0,0.0
1000,maize,14,0.0085,28.8,30.0,0.0
1000,maize,15,0.0065,28.8,0.0,0.0
1000,maize,16,0.0089,28.8,10.0,0.0
1000,maize,17,0.0111,28.8,10.0,0.0
1000,maize,18,0.0178,28.8,10.0,0.0
1000,maize,19,0.0231,28.8,20.0,0.0
1000,maize,20,0.0334,28.8,10.0,0.0
1000,maize,21,0.0448,30.21,10.0,0.0
1000,maize,22,0.0446,32.09,10.0,0.0
1000,maize,23,0.0493,35.24,20.0,0.0
1000,maize,24,0.0558,39.27,10.0,0.0
1000,maize,25,0.0707,45.7,0.0,0.0
1000,maize,26,0.0842,51.97,30.0,0.0
1000,maize,27,0.0966,58.46,30.0,0.0
1000,maize,28,0.1101,66.05,10.0,0.0
1000,maize,29,0.1192,72.12,0.0,0.0
1000,maize,30,0.1299,79.41,40.0,0.0
1000,maize,31,0.1491,91.61,30.0,0.0
1000,maize,32,0.1594,100.13,10.0,0.0
1000,maize,33,0.1661,107.41,40.0,0.0
1000,maize,34,0.1787,118.42,10.0,0.0
1000,maize,35,0.2031,127.25,0.0,0.0
1000,maize,36,0.2051,133.51,0.0,0.0
1000,maize,37,0.2093,141.2,0.0,0.0
1000,maize,38,0.2135,149.08,40.0,0.0
1000,maize,39,0.2163,156.49,20.0,0.0
1000,maize,40,0.2056,156.45,20.0,0.0
1000,maize,41,0.1954,156.4,0.0,0.0
1000,maize,42,0.2597,191.36,30.0,0.0
1000,maize,43,0.3362,234.83,20.0,0.0
1000,maize,44,0.4401,296.67,0.0,0.0
1000,maize,45,0.5099,343.53,30.0,0.0
1000,maize,46,0.5867,393.19,10.0,0.0
1000,maize,47,0.6635,444.53,10.0,0.0
1000,maize,48,0.7599,511.46,30.0,0.0
1000,maize,49,0.8388,568.13,20.0,0.0
1000,maize,50,0.9125,622.81,30.0,0.0
1000,maize,51,1.0454,725.6,30.0,0.0
1000,maize,52,1.128,791.9,0.0,0.0
1000,maize,53,1.2467,891.02,10.0,0.0
1000,maize,54,1.403,1029.01,40.0,0.0
1000,maize,55,1.5269,1144.12,0.0,0.0
1000,maize,56,1.6569,1283.86,40.0,0.0
1000,maize,57,1.7329,1384.55,40.0,0.0
1000,maize,58,1.7886,1479.36,10.0,0.0
1000,maize,59,1.8367,1577.85,20.0,0.0
1000,maize,60,1.8817,1684.56,40.0,0.0
1000,maize,61,1.9118,1784.55,30.0,0.0
1000,maize,62,1.9237,1871.43,40.0,0.0
1000,maize,63,1.9402,1975.27,40.0,0.0
1000,maize,64,1.951,2080.85,0.0,0.0
1000,maize,65,1.9458,2171.01,30.0,0.0
1000,maize,66,1.9398,2268.84,0.0,0.0
1000,maize,67,1.9268,2361.84,30.0,0.0
1000,maize,68,1.9161,2466.77,0.0,0.0
1000,maize,69,1.928,2600.07,40.0,0.0
1000,maize,70,1.9102,2705.61,40.0,0.0
1000,maize,71,1.8823,2805.7,30.0,0.0
1000,maize,72,1.8446,2890.33,0.0,0.0
1000,maize,73,1.807,2981.37,40.0,0.0
1000,maize,74,1.7631,3056.65,30.0,0.0
1000,maize,75,1.7224,3143.29,0.0,0.0
1000,maize,76,1.6796,3222.52,20.0,0.0
1000,maize,77,1.6402,3313.41,10.0,0.0
1000,maize,78,1.5976,3389.09,10.0,0.0
1000,maize,79,1.555,3460.76,10.0,0.0
1000,maize,80,1.5147,3535.69,40.0,0.0
1000,maize,81,1.4736,3601.51,20.0,0.0
1000,maize,82,1.4884,3769.87,40.0,0.0
1000,maize,83,1.5305,3994.65,10.0,0.0
1000,maize,84,1.5727,4204.69,0.0,0.0
1000,maize,85,1.6155,4419.83,10.0,0.0
1000,maize,86,1.6026,4606.32,30.0,0.0
1000,maize,87,1.5888,4776.34,20.0,0.0
1000,maize,88,1.5747,4987.26,30.0,0.0
1000,maize,89,1.5607,5169.68,20.0,0.0
1000,maize,90,1.5466,5386.33,10.0,0.0
1000,maize,91,1.5329,5569.42,20.0,0.0
1000,maize,92,1.5194,5732.23,20.0,0.0
1000,maize,93,1.5068,5936.85,0.0,0.0
1000,maize,94,1.4952,6138.66,30.0,0.0
1000,maize,95,1.4847,6331.39,30.0,0.0
1000,maize,96,1.4751,6514.29,10.0,0.0
1000,maize,97,1.4668,6716.42,30.0,0.0
1000,maize,98,1.4551,6918.55,30.0,0.0
1000,maize,99,1.4412,7120.68,10.0,0.0
1000,maize,100,1.425,7322.81,20.0,0.0
1000,maize,101,1.4066,7508.38,20.0,0.0
1000,maize,102,1.3861,7724.2,30.0,0.0
1000,maize,103,1.3638,7929.2,0.0,0.0
1000,maize,104,1.3394,8108.86,10.0,0.0
1000,maize,105,1.3133,8291.58,20.0,0.0
1000,maize,106,1.2858,8503.58,20.0,0.0
1000,maize,107,1.2571,8698.52,10.0,0.0
1000,maize,108,1.227,8864.47,30.0,0.0
1000,maize,109,1.1957,9054.96,30.0,0.0
1000,maize,110,1.1635,9193.06,20.0,0.0
1000,maize,111,1.13,9320.75,20.0,0.0
1000,maize,112,1.0962,9440.05,30.0,0.0
1000,maize,113,1.0624,9553.29,30.0,0.0
1000,maize,114,1.0289,9661.59,0.0,0.0
1000,maize,115,0.9954,9764.97,40.0,0.0
1000,maize,116,0.9615,9889.33,40.0,0.0
1000,maize,117,0.9278,9998.31,0.0,0.0
1000,maize,118,0.894,10099.69,20.0,0.0
1000,maize,119,0.8605,10199.46,0.0,0.0
1000,maize,120,0.8275,10291.66,10.0,0.0
1000,maize,121,0.7954,10388.85,40.0,0.0
1000,maize,122,0.7639,10452.69,30.0,0.0
1000,maize,123,0.734,10536.91,40.0,0.0
1000,maize,124,0.7048,10611.31,0.0,0.0
1000,maize,125,0.6762,10668.56,0.0,0.0
1000,maize,126,0.6489,10728.58,40.0,0.0
1000,maize,127,0.6224,10790.08,40.0,0.0
1000,maize,128,0.5965,10847.31,20.0,0.0
1000,maize,129,0.5714,10902.04,30.0,0.0
1000,maize,130,0.5471,10951.62,40.0,0.0
1000,maize,131,0.5236,11002.47,10.0,0.0
1000,maize,132,0.5009,11050.66,40.0,0.0
1000,maize,133,0.479,11087.39,30.0,0.0
1000,maize,134,0.479,11087.39,20.0,0.0
1000,maize,135,0.479,11087.39,40.0,0.0
1000,maize,136,0.479,11087.39,30.0,0.0
1000,maize,136,0.479,11087.39,0.0,0.0
1500,maize,0,0.0,0.0,0.0,0.0
1500,maize,0,0.0,0.0,30.0,0.0
1500,maize,0,0.0,0.0,10.0,0.0
1500,maize,0,0.0,0.0,30.0,0.0
1500,maize,0,0.0,0.0,30.0,0.0
1500,maize,0,0.0,0.0,40.0,0.0
1500,maize,0,0.0,0.0,30.0,0.0
1500,maize,0,0.0,0.0,30.0,0.0
1500,maize,0,0.0,0.0,30.0,0.0
1500,maize,0,0.0,0.0,0.0,0.0
1500,maize,0,0.0,0.0,20.0,0.0
1500,maize,0,0.0,0.0,40.0,0.0
1500,maize,0,0.0,0.0,30.0,0.0
1500,maize,0,0.0,0.0,40.0,0.0
1500,maize,0,0.0,0.0,20.0,0.0
1500,maize,0,0.0,0.0,10.0,0.0
1500,maize,0,0.0,0.0,20.0,0.0
1500,maize,0,0.0,0.0,10.0,0.0
1500,maize,0,0.0,0.0,30.0,0.0
1500,maize,0,0.0,0.0,20.0,0.0
1500,maize,0,0.0,0.0,30.0,0.0
1500,maize,0,0.0,0.0,20.0,0.0
1500,maize,0,0.0,0.0,20.0,0.0
1500,maize,0,0.0,0.0,40.0,0.0
1500,maize,0,0.0,0.0,20.0,0.0
1500,maize,0,0.0,0.0,10.0,0.0
1500,maize,0,0.0,0.0,40.0,0.0
1500,maize,1,0.0,0.0,40.0,0.0
1500,maize,2,0.0,0.0,0.0,0.0
1500,maize,3,0.0,0.0,30.0,0.0
1500,maize,4,0.0,0.0,20.0,0.0
1500,maize,5,0.0,0.0,20.0,0.0
1500,maize,6,0.0,0.0,30.0,0.0
1500,maize,7,0.0,0.0,10.0,0.0
1500,maize,8,0.0,0.0,40.0,0.0
1500,maize,9,0.0,0.0,0.0,0.0
1500,maize,10,0.0,0.0,0.0,0.0
1500,maize,11,0.0036,28.8,30.0,0.0
1500,maize,12,0.0069,28.8,30.0,0.0
1500,maize,13,0.0095,28.8,0.0,0.0
1500,maize,14,0.0111,28.8,10.0,0.0
1500,maize,15,0.0125,28.8,0.0,0.0
1500,maize,16,0.0157,28.8,10.0,0.0
1500,maize,17,0.019,28.8,0.0,0.0
1500,maize,18,0.0286,28.8,30.0,0.0
1500,maize,19,0.0439,28.8,0.0,0.0
1500,maize,20,0.0578,31.93,30.0,0.0
1500,maize,21,0.0693,36.4,40.0,0.0
1500,maize,22,0.086,43.27,0.0,0.0
1500,maize,23,0.0988,48.77,30.0,0.0
1500,maize,24,0.1133,55.68,40.0,0.0
1500,maize,25,0.135,66.61,40.0,0.0
1500,maize,26,0.1622,81.46,40.0,0.0
1500,maize,27,0.1899,98.29,20.0,0.0
1500,maize,28,0.2238,120.52,30.0,0.0
1500,maize,29,0.2445,137.54,10.0,0.0
1500,maize,30,0.2768,151.25,30.0,0.0
1500,maize,31,0.2863,163.82,30.0,0.0
1500,maize,32,0.2913,174.49,40.0,0.0
1500,maize,33,0.2771,174.56,40.0,0.0
1500,maize,34,0.2633,174.5,30.0,0.0
1500,maize,35,0.2503,174.44,10.0,0.0
1500,maize,36,0.2407,175.81,10.0,0.0
1500,maize,37,0.2374,180.19,30.0,0.0
1500,maize,38,0.2298,184.02,20.0,0.0
1500,maize,39,0.2253,187.33,0.0,0.0
1500,maize,40,0.2259,193.37,20.0,0.0
1500,maize,41,0.229,200.99,20.0,0.0
1500,maize,42,0.32,255.21,40.0,0.0
1500,maize,43,0.4309,325.95,40.0,0.0
1500,maize,44,0.5511,407.66,10.0,0.0
1500,maize,45,0.6878,506.98,20.0,0.0
1500,maize,46,0.7933,587.84,40.0,0.0
1500,maize,47,0.8857,661.89,30.0,0.0
1500,maize,48,1.0106,767.26,30.0,0.0
1500,maize,49,1.1288,872.24,10.0,0.0
1500,maize,50,1.2826,1017.85,0.0,0.0
1500,maize,51,1.4611,1199.88,40.0,0.0
1500,maize,52,1.6034,1354.53,20.0,0.0
1500,maize,53,1.7343,1504.96,10.0,0.0
1500,maize,54,1.881,1688.89,0.0,0.0
1500,maize,55,1.9979,1857.92,0.0,0.0
1500,maize,56,2.0758,1997.86,10.0,0.0
1500,maize,57,2.1452,2146.68,20.0,0.0
1500,maize,58,2.2099,2307.84,10.0,0.0
1500,maize,59,2.2567,2460.05,30.0,0.0
1500,maize,60,2.2817,2593.82,10.0,0.0
1500,maize,61,2.289,2711.34,40.0,0.0
1500,maize,62,2.2937,2836.79,20.0,0.0
1500,maize,63,2.2942,2965.9,0.0,0.0
1500,maize,64,2.3423,3164.13,30.0,0.0
1500,maize,65,2.3502,3332.1,40.0,0.0
1500,maize,66,2.3326,3470.59,30.0,0.0
1500,maize,67,2.3073,3609.08,40.0,0.0
1500,maize,68,2.2698,3724.49,30.0,0.0
1500,maize,69,2.23,3841.62,40.0,0.0
1500,maize,70,2.1878,3955.93,20.0,0.0
1500,maize,71,2.143,4064.07,0.0,0.0
1500,maize,72,2.1,4179.97,20.0,0.0
1500,maize,73,2.0536,4281.86,10.0,0.0
1500,maize,74,2.0072,4383.0,10.0,0.0
1500,maize,75,1.9634,4489.23,40.0,0.0
1500,maize,76,1.9173,4580.14,10.0,0.0
1500,maize,77,1.8722,4670.41,10.0,0.0
1500,maize,78,1.8292,4761.53,20.0,0.0
1500,maize,79,1.7896,4861.17,40.0,0.0
1500,maize,80,1.7278,4999.88,0.0,0.0
1500,maize,81,1.668,5101.83,0.0,0.0
1500,maize,82,1.6372,5308.54,20.0,0.0
1500,maize,83,1.6185,5525.91,0.0,0.0
1500,maize,84,1.6042,5746.85,20.0,0.0
1500,maize,85,1.5919,5964.13,10.0,0.0
1500,maize,86,1.5811,6168.62,0.0,0.0
1500,maize,87,1.5712,6367.81,10.0,0.0
1500,maize,88,1.5626,6571.62,0.0,0.0
1500,maize,89,1.5554,6797.16,0.0,0.0
1500,maize,90,1.55,7016.85,10.0,0.0
1500,maize,91,1.5464,7224.11,0.0,0.0
1500,maize,92,1.5404,7367.73,10.0,0.0
1500,maize,93,1.534,7519.88,40.0,0.0
1500,maize,94,1.5265,7727.14,20.0,0.0
1500,maize,95,1.5168,7923.3,40.0,0.0
1500,maize,96,1.5051,8130.55,30.0,0.0
1500,maize,97,1.4909,8337.81,20.0,0.0
1500,maize,98,1.4747,8545.06,20.0,0.0
1500,maize,99,1.456,8752.32,0.0,0.0
1500,maize,100,1.4352,8959.58,20.0,0.0
1500,maize,101,1.4126,9166.83,40.0,0.0
1500,maize,102,1.3881,9374.09,20.0,0.0
1500,maize,103,1.3616,9564.08,10.0,0.0
1500,maize,104,1.3334,9730.74,10.0,0.0
1500,maize,105,1.3037,9933.29,10.0,0.0
1500,maize,106,1.2729,10141.16,40.0,0.0
1500,maize,107,1.2408,10322.55,20.0,0.0
1500,maize,108,1.2074,10500.57,30.0,0.0
1500,maize,109,1.1731,10666.82,20.0,0.0
1500,maize,110,1.1381,10819.09,0.0,0.0
1500,maize,111,1.1027,10961.92,0.0,0.0
1500,maize,112,1.0673,11098.09,0.0,0.0
1500,maize,113,1.0323,11239.22,0.0,0.0
1500,maize,114,0.9977,11370.27,10.0,0.0
1500,maize,115,0.9635,11494.39,20.0,0.0
1500,maize,116,0.9297,11602.2,40.0,0.0
1500,maize,117,0.8963,11707.26,0.0,0.0
1500,maize,118,0.8636,11786.79,0.0,0.0
1500,maize,119,0.831,11864.92,30.0,0.0
1500,maize,120,0.7993,11940.35,20.0,0.0
1500,maize,121,0.7678,12023.18,0.0,0.0
1500,maize,122,0.7371,12115.92,0.0,0.0
1500,maize,123,0.7077,12165.89,10.0,0.0
1500,maize,124,0.6799,12227.98,30.0,0.0
1500,maize,125,0.6529,12301.63,40.0,0.0
1500,maize,126,0.6266,12368.12,0.0,0.0
1500,maize,127,0.601,12431.54,10.0,0.0
1500,maize,128,0.5764,12493.16,20.0,0.0
1500,maize,129,0.5528,12539.04,40.0,0.0
1500,maize,130,0.5528,12539.04,10.0,0.0
1500,maize,131,0.5528,12539.04,0.0,0.0
1500,maize,131,0.5528,12539.04,20.0,0.0
2000,maize,0,0.0,0.0,40.0,0.0
2000,maize,0,0.0,0.0,40.0,0.0
2000,maize,0,0.0,0.0,10.0,0.0
2000,maize,0,0.0,0.0,0.0,0.0
2000,maize,0,0.0,0.0,30.0,0.0
2000,maize,0,0.0,0.0,10.0,0.0
2000,maize,0,0.0,0.0,40.0,0.0
2000,maize,0,0.0,0.0,10.0,0.0
2000,maize,0,0.0,0.0,40.0,0.0
2000,maize,0,0.0,0.0,40.0,0.0
2000,maize,0,0.0,0.0,40.0,0.0
2000,maize,0,0.0,0.0,10.0,0.0
2000,maize,0,0.0,0.0,0.0,0.0
2000,maize,0,0.0,0.0,0.0,0.0
2000,maize,0,0.0,0.0,0.0,0.0
2000,maize,0,0.0,0.0,0.0,0.0
2000,maize,0,0.0,0.0,10.0,0.0
2000,maize,0,0.0,0.0,0.0,0.0
2000,maize,0,0.0,0.0,0.0,0.0
2000,maize,0,0.0,0.0,10.0,0.0
2000,maize,0,0.0,0.0,40.0,0.0
2000,maize,0,0.0,0.0,40.0,0.0
2000,maize,0,0.0,0.0,10.0,0.0
2000,maize,0,0.0,0.0,0.0,0.0
2000,maize,0,0.0,0.0,40.0,0.0
2000,maize,0,0.0,0.0,0.0,0.0
2000,maize,0,0.0,0.0,10.0,0.0
2000,maize,1,0.0,0.0,20.0,0.0
2000,maize,2,0.0,0.0,20.0,0.0
2000,maize,3,0.0,0.0,20.0,0.0
2000,maize,4,0.0,0.0,10.0,0.0
2000,maize,5,0.0,0.0,40.0,0.0
2000,maize,6,0.0,0.0,20.0,0.0
2000,maize,7,0.0,0.0,30.0,0.0
2000,maize,8,0.0,0.0,20.0,0.0
2000,maize,9,0.0,0.0,30.0,0.0
2000,maize,10,0.0032,28.8,0.0,0.0
2000,maize,11,0.0053,28.8,40.0,0.0
2000,maize,12,0.0068,28.8,40.0,0.0
2000,maize,13,0.0094,28.8,40.0,0.0
2000,maize,14,0.0102,28.8,40.0,0.0
2000,maize,15,0.0127,28.8,10.0,0.0
2000,maize,16,0.0144,28.8,10.0,0.0
2000,maize,17,0.0107,28.8,40.0,0.0
2000,maize,18,0.0106,28.8,40.0,0.0
2000,maize,19,0.0122,28.8,0.0,0.0
2000,maize,20,0.0209,28.8,20.0,0.0
2000,maize,21,0.0266,28.8,40.0,0.0
2000,maize,22,0.0367,28.8,20.0,0.0
2000,maize,23,0.0505,31.39,10.0,0.0
2000,maize,24,0.0586,34.44,20.0,0.0
2000,maize,25,0.0639,36.58,10.0,0.0
2000,maize,26,0.0339,39.13,0.0,0.0
2000,maize,27,0.0446,43.69,10.0,0.0
2000,maize,28,0.0538,47.98,0.0,0.0
2000,maize,29,0.0639,52.71,0.0,0.0
2000,maize,30,0.0749,58.02,30.0,0.0
2000,maize,31,0.0902,65.76,20.0,0.0
2000,maize,32,0.1067,74.69,30.0,0.0
2000,maize,33,0.1297,87.69,40.0,0.0
2000,maize,34,0.1524,101.76,20.0,0.0
2000,maize,35,0.1755,117.4,10.0,0.0
2000,maize,36,0.1956,132.76,0.0,0.0
2000,maize,37,0.2265,155.52,40.0,0.0
2000,maize,38,0.2608,168.99,40.0,0.0
2000,maize,39,0.269,180.74,20.0,0.0
2000,maize,40,0.2573,181.45,40.0,0.0
2000,maize,41,0.2445,181.39,30.0,0.0
2000,maize,42,0.2944,209.19,0.0,0.0
2000,maize,43,0.339,234.79,40.0,0.0
2000,maize,44,0.2617,247.82,30.0,0.0
2000,maize,45,0.2717,271.94,40.0,0.0
2000,maize,46,0.2791,292.48,10.0,0.0
2000,maize,47,0.3407,330.95,40.0,0.0
2000,maize,48,0.4309,389.53,10.0,0.0
2000,maize,49,0.5144,446.0,40.0,0.0
2000,maize,50,0.6032,508.57,0.0,0.0
2000,maize,51,0.651,543.19,30.0,0.0
2000,maize,52,0.7042,582.65,0.0,0.0
2000,maize,53,0.7904,648.78,10.0,0.0
2000,maize,54,0.8915,729.66,30.0,0.0
2000,maize,55,1.0409,856.05,30.0,0.0
2000,maize,56,1.1844,984.79,0.0,0.0
2000,maize,57,1.305,1102.03,0.0,0.0
2000,maize,58,1.409,1218.47,10.0,0.0
2000,maize,59,1.4936,1328.87,0.0,0.0
2000,maize,60,1.5877,1464.7,0.0,0.0
2000,maize,61,1.6565,1585.41,10.0,0.0
2000,maize,62,1.7143,1707.69,10.0,0.0
2000,maize,63,1.7579,1824.78,0.0,0.0
2000,maize,64,1.7946,1945.08,40.0,0.0
2000,maize,65,1.8206,2062.55,20.0,0.0
2000,maize,66,1.8361,2175.74,30.0,0.0
2000,maize,67,1.8474,2293.71,0.0,0.0
2000,maize,68,1.8881,2470.0,10.0,0.0
2000,maize,69,1.9007,2635.87,10.0,0.0
2000,maize,70,1.8959,2790.88,10.0,0.0
2000,maize,71,1.8739,2916.93,40.0,0.0
2000,maize,72,1.8384,3013.16,10.0,0.0
2000,maize,73,1.7952,3088.05,30.0,0.0
2000,maize,74,1.7514,3160.98,0.0,0.0
2000,maize,75,1.7127,3250.43,10.0,0.0
2000,maize,76,1.6772,3349.82,20.0,0.0
2000,maize,77,1.642,3448.86,10.0,0.0
2000,maize,78,1.6091,3553.31,40.0,0.0
2000,maize,79,1.5726,3640.26,40.0,0.0
2000,maize,80,1.5395,3736.87,20.0,0.0
2000,maize,81,1.509,3839.65,20.0,0.0
2000,maize,82,1.5412,4059.84,10.0,0.0
2000,maize,83,1.5322,4285.66,30.0,0.0
2000,maize,84,1.5277,4463.12,40.0,0.0
2000,maize,85,1.5247,4699.16,0.0,0.0
2000,maize,86,1.5232,4944.61,10.0,0.0
2000,maize,87,1.5232,5179.14,40.0,0.0
2000,maize,88,1.5232,5405.87,40.0,0.0
2000,maize,89,1.5232,5639.73,40.0,0.0
2000,maize,90,1.5232,5826.38,40.0,0.0
2000,maize,91,1.5232,6051.25,30.0,0.0
2000,maize,92,1.5232,6263.6,0.0,0.0
2000,maize,93,1.5232,6487.24,40.0,0.0
2000,maize,94,1.5232,6710.88,40.0,0.0
2000,maize,95,1.5202,6934.52,0.0,0.0
2000,maize,96,1.5132,7158.16,40.0,0.0
2000,maize,97,1.5024,7346.11,40.0,0.0
2000,maize,98,1.4886,7552.13,30.0,0.0
2000,maize,99,1.4712,7752.3,30.0,0.0
2000,maize,100,1.4512,7905.76,0.0,0.0
2000,maize,101,1.429,8115.7,10.0,0.0
2000,maize,102,1.4041,8309.35,40.0,0.0
2000,maize,103,1.3761,8485.98,0.0,0.0
2000,maize,104,1.3454,8659.57,20.0,0.0
2000,maize,105,1.313,8822.32,20.0,0.0
2000,maize,106,1.2787,9004.53,0.0,0.0
2000,maize,107,1.2431,9147.08,20.0,0.0
2000,maize,108,1.206,9279.23,0.0,0.0
2000,maize,109,1.168,9441.29,40.0,0.0
2000,maize,110,1.1298,9587.2,10.0,0.0
2000,maize,111,1.0914,9721.42,40.0,0.0
2000,maize,112,1.052,9823.74,0.0,0.0
2000,maize,113,1.0122,9820.57,20.0,0.0
2000,maize,114,0.9747,9928.37,0.0,0.0
2000,maize,115,0.9391,10018.83,40.0,0.0
2000,maize,116,0.9039,10099.85,20.0,0.0
2000,maize,117,0.8691,10177.29,40.0,0.0
2000,maize,118,0.8349,10265.2,30.0,0.0
2000,maize,119,0.8012,10339.86,40.0,0.0
2000,maize,120,0.768,10398.49,0.0,0.0
2000,maize,121,0.7359,10467.84,20.0,0.0
2000,maize,122,0.705,10533.99,20.0,0.0
2000,maize,123,0.6751,10584.25,0.0,0.0
2000,maize,124,0.6462,10631.1,40.0,0.0
2000,maize,125,0.6182,10675.0,40.0,0.0
2000,maize,126,0.591,10725.01,0.0,0.0
2000,maize,127,0.5647,10763.93,0.0,0.0
2000,maize,128,0.5398,10809.43,30.0,0.0
2000,maize,129,0.5398,10809.43,40.0,0.0
2000,maize,130,0.5398,10809.43,40.0,0.0
2000,maize,131,0.5398,10809.43,0.0,0.0
2000,maize,131,0.5398,10809.43,10.0,0.0
2500,maize,0,0.0,0.0,30.0,0.0
2500,maize,0,0.0,0.0,30.0,0.0
2500,maize,0,0.0,0.0,30.0,0.0
2500,maize,0,0.0,0.0,20.0,0.0
2500,maize,0,0.0,0.0,40.0,0.0
2500,maize,0,0.0,0.0,20.0,0.0
2500,maize,0,0.0,0.0,40.0,0.0
2500,maize,0,0.0,0.0,20.0,0.0
2500,maize,0,0.0,0.0,40.0,0.0
2500,maize,0,0.0,0.0,20.0,0.0
2500,maize,0,0.0,0.0,0.0,0.0
2500,maize,0,0.0,0.0,20.0,0.0
2500,maize,0,0.0,0.0,30.0,0.0
2500,maize,0,0.0,0.0,30.0,0.0
2500,maize,0,0.0,0.0,40.0,0.0
2500,maize,0,0.0,0.0,10.0,0.0
2500,maize,0,0.0,0.0,40.0,0.0
2500,maize,0,0.0,0.0,10.0,0.0
2500,maize,0,0.0,0.0,10.0,0.0
2500,maize,0,0.0,0.0,40.0,0.0
2500,maize,0,0.0,0.0,20.0,0.0
2500,maize,0,0.0,0.0,0.0,0.0
2500,maize,0,0.0,0.0,40.0,0.0
2500,maize,0,0.0,0.0,0.0,0.0
2500,maize,0,0.0,0.0,30.0,0.0
2500,maize,0,0.0,0.0,10.0,0.0
2500,maize,0,0.0,0.0,0.0,0.0
2500,maize,1,0.0,0.0,30.0,0.0
2500,maize,2,0.0,0.0,40.0,0.0
2500,maize,3,0.0,0.0,20.0,0.0
2500,maize,4,0.0,0.0,10.0,0.0
2500,maize,5,0.0,0.0,0.0,0.0
2500,maize,6,0.0,0.0,40.0,0.0
2500,maize,7,0.0,0.0,30.0,0.0
2500,maize,8,0.0,0.0,40.0,0.0
2500,maize,9,0.0,0.0,40.0,0.0
2500,maize,10,0.0,0.0,10.0,0.0
2500,maize,11,0.0,0.0,20.0,0.0
2500,maize,12,0.0,0.0,0.0,0.0
2500,maize,13,0.0017,28.8,20.0,0.0
2500,maize,14,0.0024,28.8,20.0,0.0
2500,maize,15,0.0039,28.8,20.0,0.0
2500,maize,16,0.0072,28.8,10.0,0.0
2500,maize,17,0.0109,28.8,10.0,0.0
2500,maize,18,0.0132,28.8,20.0,0.0
2500,maize,19,0.0165,28.8,10.0,0.0
2500,maize,20,0.0176,28.8,20.0,0.0
2500,maize,21,0.0184,28.8,20.0,0.0
2500,maize,22,0.0091,28.8,0.0,0.0
2500,maize,23,0.0138,28.8,40.0,0.0
2500,maize,24,0.0202,28.8,40.0,0.0
2500,maize,25,0.0284,28.8,10.0,0.0
2500,maize,26,0.027,29.66,20.0,0.0
2500,maize,27,0.038,33.94,20.0,0.0
2500,maize,28,0.047,37.43,0.0,0.0
2500,maize,29,0.053,40.4,40.0,0.0
2500,maize,30,0.0697,47.65,10.0,0.0
2500,maize,31,0.0879,56.09,10.0,0.0
2500,maize,32,0.0996,62.33,40.0,0.0
2500,maize,33,0.1119,69.53,40.0,0.0
2500,maize,34,0.1251,77.75,20.0,0.0
2500,maize,35,0.1508,93.23,10.0,0.0
2500,maize,36,0.1776,110.61,20.0,0.0
2500,maize,37,0.2091,123.07,20.0,0.0
2500,maize,38,0.2116,129.47,0.0,0.0
2500,maize,39,0.2193,139.0,30.0,0.0
2500,maize,40,0.2248,147.78,30.0,0.0
2500,maize,41,0.2151,148.41,10.0,0.0
2500,maize,42,0.2895,188.85,40.0,0.0
2500,maize,43,0.3797,240.24,0.0,0.0
2500,maize,44,0.4695,293.75,30.0,0.0
2500,maize,45,0.5643,352.59,30.0,0.0
2500,maize,46,0.6327,400.62,40.0,0.0
2500,maize,47,0.7234,461.26,0.0,0.0
2500,maize,48,0.8355,539.35,10.0,0.0
2500,maize,49,0.9416,616.33,40.0,0.0
2500,maize,50,1.0229,677.39,10.0,0.0
2500,maize,51,1.145,772.7,30.0,0.0
2500,maize,52,1.2903,891.88,40.0,0.0
2500,maize,53,1.4523,1032.49,40.0,0.0
2500,maize,54,1.5827,1151.55,20.0,0.0
2500,maize,55,1.709,1281.07,40.0,0.0
2500,maize,56,1.8287,1422.32,0.0,0.0
2500,maize,57,1.8996,1529.83,20.0,0.0
2500,maize,58,1.9358,1613.39,20.0,0.0
2500,maize,59,1.9718,1707.91,20.0,0.0
2500,maize,60,1.9999,1802.46,30.0,0.0
2500,maize,61,2.0051,1876.64,0.0,0.0
2500,maize,62,2.0073,1954.9,0.0,0.0
2500,maize,63,2.0022,2028.89,0.0,0.0
2500,maize,64,2.01,2128.67,0.0,0.0
2500,maize,65,2.0045,2215.17,10.0,0.0
2500,maize,66,2.0028,2316.76,20.0,0.0
2500,maize,67,2.0034,2431.28,10.0,0.0
2500,maize,68,2.0011,2551.16,40.0,0.0
2500,maize,69,1.9869,2657.43,20.0,0.0
2500,maize,70,2.0425,2836.95,30.0,0.0
2500,maize,71,2.0408,2980.57,20.0,0.0
2500,maize,72,2.0132,3093.61,40.0,0.0
2500,maize,73,1.9741,3190.21,30.0,0.0
2500,maize,74,1.9321,3285.56,30.0,0.0
2500,maize,75,1.8929,3394.63,20.0,0.0
2500,maize,76,1.848,3486.97,10.0,0.0
2500,maize,77,1.8017,3574.92,40.0,0.0
2500,maize,78,1.7548,3658.21,30.0,0.0
2500,maize,79,1.708,3740.46,40.0,0.0
2500,maize,80,1.6643,3829.73,40.0,0.0
2500,maize,81,1.6237,3925.06,10.0,0.0
2500,maize,82,1.6463,4144.76,10.0,0.0
2500,maize,83,1.6769,4344.41,0.0,0.0
2500,maize,84,1.6615,4526.0,0.0,0.0
2500,maize,85,1.6475,4703.03,40.0,0.0
2500,maize,86,1.6348,4930.69,0.0,0.0
2500,maize,87,1.6228,5103.58,40.0,0.0
2500,maize,88,1.6113,5312.06,20.0,0.0
2500,maize,89,1.6009,5525.03,10.0,0.0
2500,maize,90,1.5915,5735.98,20.0,0.0
2500,maize,91,1.5833,5907.02,20.0,0.0
2500,maize,92,1.5766,6082.78,30.0,0.0
2500,maize,93,1.5714,6287.72,40.0,0.0
2500,maize,94,1.5628,6492.66,20.0,0.0
2500,maize,95,1.5513,6697.59,40.0,0.0
2500,maize,96,1.5372,6902.53,10.0,0.0
2500,maize,97,1.5203,7103.53,0.0,0.0
2500,maize,98,1.5006,7307.39,40.0,0.0
2500,maize,99,1.4784,7517.34,0.0,0.0
2500,maize,100,1.4539,7722.27,0.0,0.0
2500,maize,101,1.4272,7927.21,10.0,0.0
2500,maize,102,1.3988,8132.15,40.0,0.0
2500,maize,103,1.3686,8302.23,30.0,0.0
2500,maize,104,1.3367,8476.07,0.0,0.0
2500,maize,105,1.3038,8637.16,0.0,0.0
2500,maize,106,1.2698,8822.04,30.0,0.0
2500,maize,107,1.2348,8999.05,40.0,0.0
2500,maize,108,1.199,9165.8,10.0,0.0
2500,maize,109,1.1624,9325.36,40.0,0.0
2500,maize,110,1.1253,9462.39,40.0,0.0
2500,maize,111,1.0879,9590.97,10.0,0.0
2500,maize,112,1.051,9721.49,40.0,0.0
2500,maize,113,1.0139,9846.3,0.0,0.0
2500,maize,114,0.977,9962.81,0.0,0.0
2500,maize,115,0.9407,10064.27,0.0,0.0
2500,maize,116,0.9056,10160.28,0.0,0.0
2500,maize,117,0.8717,10257.4,30.0,0.0
2500,maize,118,0.8383,10348.18,20.0,0.0
2500,maize,119,0.8061,10439.47,10.0,0.0
2500,maize,120,0.7744,10517.81,40.0,0.0
2500,maize,121,0.7435,10584.68,20.0,0.0
2500,maize,122,0.7132,10665.25,40.0,0.0
2500,maize,123,0.6838,10663.29,20.0,0.0
2500,maize,124,0.6559,10729.55,20.0,0.0
2500,maize,125,0.6294,10792.9,30.0,0.0
2500,maize,126,0.6035,10851.14,20.0,0.0
2500,maize,127,0.5784,10909.42,20.0,0.0
2500,maize,128,0.5539,10968.14,10.0,0.0
2500,maize,129,0.5303,11018.46,30.0,0.0
2500,maize,130,0.5303,11018.46,30.0,0.0
2500,maize,131,0.5303,11018.46,40.0,0.0
2500,maize,132,0.5303,11018.46,20.0,0.0
2500,maize,132,0.5303,11018.46,40.0,0.0
3000,maize,0,0.0,0.0,40.0,0.0
3000,maize,0,0.0,0.0,40.0,0.0
3000,maize,0,0.0,0.0,0.0,0.0
3000,maize,0,0.0,0.0,10.0,0.0
3000,maize,0,0.0,0.0,10.0,0.0
3000,maize,0,0.0,0.0,20.0,0.0
3000,maize,0,0.0,0.0,40.0,0.0
3000,maize,0,0.0,0.0,20.0,0.0
3000,maize,0,0.0,0.0,10.0,0.0
3000,maize,0,0.0,0.0,10.0,0.0
3000,maize,0,0.0,0.0,40.0,0.0
3000,maize,0,0.0,0.0,20.0,0.0
3000,maize,0,0.0,0.0,20.0,0.0
3000,maize,0,0.0,0.0,20.0,0.0
3000,maize,0,0.0,0.0,20.0,0.0
3000,maize,0,0.0,0.0,30.0,0.0
3000,maize,0,0.0,0.0,30.0,0.0
3000,maize,0,0.0,0.0,40.0,0.0
3000,maize,0,0.0,0.0,40.0,0.0
3000,maize,0,0.0,0.0,20.0,0.0
3000,maize,0,0.0,0.0,10.0,0.0
3000,maize,0,0.0,0.0,40.0,0.0
3000,maize,0,0.0,0.0,0.0,0.0
3000,maize,0,0.0,0.0,10.0,0.0
3000,maize,0,0.0,0.0,40.0,0.0
3000,maize,0,0.0,0.0,30.0,0.0
3000,maize,0,0.0,0.0,20.0,0.0
3000,maize,1,0.0,0.0,0.0,0.0
3000,maize,2,0.0,0.0,40.0,0.0
3000,maize,3,0.0,0.0,30.0,0.0
3000,maize,4,0.0,0.0,10.0,0.0
3000,maize,5,0.0,0.0,10.0,0.0
3000,maize,6,0.0,0.0,20.0,0.0
3000,maize,7,0.0,0.0,40.0,0.0
3000,maize,8,0.0,0.0,40.0,0.0
3000,maize,9,0.0,0.0,40.0,0.0
3000,maize,10,0.0,0.0,10.0,0.0
3000,maize,11,0.0007,28.8,10.0,0.0
3000,maize,12,0.002,28.8,40.0,0.0
3000,maize,13,0.0025,28.8,20.0,0.0
3000,maize,14,0.0032,28.8,40.0,0.0
3000,maize,15,0.0062,28.8,40.0,0.0
3000,maize,16,0.0092,28.8,20.0,0.0
3000,maize,17,0.0125,28.8,40.0,0.0
3000,maize,18,0.0167,28.8,30.0,0.0
3000,maize,19,0.0301,28.8,20.0,0.0
3000,maize,20,0.0423,28.8,30.0,0.0
3000,maize,21,0.0514,29.88,20.0,0.0
3000,maize,22,0.064,34.59,0.0,0.0
3000,maize,23,0.0719,37.79,20.0,0.0
3000,maize,24,0.079,40.8,40.0,0.0
3000,maize,25,0.075,42.84,30.0,0.0
3000,maize,26,0.0846,47.35,20.0,0.0
3000,maize,27,0.098,53.85,40.0,0.0
3000,maize,28,0.1116,61.07,10.0,0.0
3000,maize,29,0.1258,69.31,20.0,0.0
3000,maize,30,0.1314,75.14,40.0,0.0
3000,maize,31,0.1475,85.68,30.0,0.0
3000,maize,32,0.166,98.28,0.0,0.0
3000,maize,33,0.1889,114.39,0.0,0.0
3000,maize,34,0.2052,128.03,30.0,0.0
3000,maize,35,0.2257,134.9,0.0,0.0
3000,maize,36,0.2339,145.01,40.0,0.0
3000,maize,37,0.2429,156.09,30.0,0.0
3000,maize,38,0.2402,161.18,30.0,0.0
3000,maize,39,0.2282,161.14,0.0,0.0
3000,maize,40,0.2169,161.1,20.0,0.0
3000,maize,41,0.2061,161.07,0.0,0.0
3000,maize,42,0.2502,185.54,0.0,0.0
3000,maize,43,0.3278,229.35,30.0,0.0
3000,maize,44,0.4142,283.41,10.0,0.0
3000,maize,45,0.4897,330.58,30.0,0.0
3000,maize,46,0.5652,379.45,40.0,0.0
3000,maize,47,0.6261,420.26,20.0,0.0
3000,maize,48,0.708,477.05,30.0,0.0
3000,maize,49,0.8041,546.56,0.0,0.0
3000,maize,50,0.8974,616.99,20.0,0.0
3000,maize,51,1.0153,710.45,10.0,0.0
3000,maize,52,1.1453,818.93,0.0,0.0
3000,maize,53,1.3079,963.43,40.0,0.0
3000,maize,54,1.4647,1112.0,40.0,0.0
3000,maize,55,1.6189,1267.6,30.0,0.0
3000,maize,56,1.7252,1391.58,40.0,0.0
3000,maize,57,1.8299,1535.74,10.0,0.0
3000,maize,58,1.8983,1655.35,40.0,0.0
3000,maize,59,1.9417,1760.58,40.0,0.0
3000,maize,60,1.983,1877.72,10.0,0.0
3000,maize,61,2.0119,1991.08,20.0,0.0
3000,maize,62,2.023,2090.42,10.0,0.0
3000,maize,63,2.0111,2163.34,10.0,0.0
3000,maize,64,1.9953,2236.37,0.0,0.0
3000,maize,65,1.9867,2326.99,10.0,0.0
3000,maize,66,1.9827,2432.03,30.0,0.0
3000,maize,67,1.975,2538.11,0.0,0.0
3000,maize,68,2.023,2720.05,20.0,0.0
3000,maize,69,2.0198,2853.3,20.0,0.0
3000,maize,70,2.0046,2988.4,20.0,0.0
3000,maize,71,1.9693,3085.34,20.0,0.0
3000,maize,72,1.9208,3150.82,40.0,0.0
3000,maize,73,1.866,3197.49,20.0,0.0
3000,maize,74,1.8167,3258.72,30.0,0.0
3000,maize,75,1.7744,3340.23,10.0,0.0
3000,maize,76,1.7351,3430.81,40.0,0.0
3000,maize,77,1.6945,3516.4,30.0,0.0
3000,maize,78,1.6513,3590.1,10.0,0.0
3000,maize,79,1.6094,3665.9,20.0,0.0
3000,maize,80,1.5705,3748.83,30.0,0.0
3000,maize,81,1.5329,3831.65,40.0,0.0
3000,maize,82,1.5519,4019.72,0.0,0.0
3000,maize,83,1.5837,4210.22,30.0,0.0
3000,maize,84,1.6232,4415.2,40.0,0.0
3000,maize,85,1.6624,4619.51,30.0,0.0
3000,maize,86,1.6482,4806.73,40.0,0.0
3000,maize,87,1.6332,5041.93,30.0,0.0
3000,maize,88,1.6182,5258.67,10.0,0.0
3000,maize,89,1.6028,5474.0,10.0,0.0
3000,maize,90,1.5876,5685.39,0.0,0.0
3000,maize,91,1.5727,5885.88,30.0,0.0
3000,maize,92,1.5582,6097.86,40.0,0.0
3000,maize,93,1.5443,6303.01,40.0,0.0
3000,maize,94,1.5311,6492.77,30.0,0.0
3000,maize,95,1.519,6689.59,30.0,0.0
3000,maize,96,1.5083,6865.13,10.0,0.0
3000,maize,97,1.4945,7080.25,20.0,0.0
3000,maize,98,1.4784,7295.37,20.0,0.0
3000,maize,99,1.4598,7510.49,40.0,0.0
3000,maize,100,1.4391,7690.8,20.0,0.0
3000,maize,101,1.4162,7885.14,20.0,0.0
3000,maize,102,1.3918,8072.78,20.0,0.0
3000,maize,103,1.3656,8294.31,0.0,0.0
3000,maize,104,1.3379,8458.52,10.0,0.0
3000,maize,105,1.3084,8618.66,40.0,0.0
3000,maize,106,1.2782,8805.76,30.0,0.0
3000,maize,107,1.2479,8986.82,20.0,0.0
3000,maize,108,1.2164,9169.33,40.0,0.0
3000,maize,109,1.184,9323.49,30.0,0.0
3000,maize,110,1.1502,9464.21,0.0,0.0
3000,maize,111,1.1159,9586.56,40.0,0.0
3000,maize,112,1.0813,9713.07,0.0,0.0
3000,maize,113,1.0469,9854.71,40.0,0.0
3000,maize,114,1.0126,9985.12,20.0,0.0
3000,maize,115,0.978,10102.55,0.0,0.0
3000,maize,116,0.9436,10208.8,0.0,0.0
3000,maize,117,0.9096,10312.15,0.0,0.0
3000,maize,118,0.8766,10429.16,30.0,0.0
3000,maize,119,0.8439,10425.05,40.0,0.0
3000,maize,120,0.813,10500.71,20.0,0.0
3000,maize,121,0.7835,10591.17,20.0,0.0
3000,maize,122,0.7542,10675.01,40.0,0.0
3000,maize,123,0.7255,10753.15,20.0,0.0
3000,maize,124,0.6972,10829.3,10.0,0.0
3000,maize,125,0.6696,10903.37,10.0,0.0
3000,maize,126,0.6428,10973.16,0.0,0.0
3000,maize,127,0.6169,11042.24,40.0,0.0
3000,maize,128,0.5917,11103.94,40.0,0.0
3000,maize,129,0.5672,11154.28,10.0,0.0
3000,maize,130,0.5436,11200.62,40.0,0.0
3000,maize,131,0.5209,11244.59,30.0,0.0
3000,maize,132,0.499,11287.09,10.0,0.0
3000,maize,133,0.4777,11326.13,40.0,0.0
3000,maize,134,0.4572,11372.58,0.0,0.0
3000,maize,135,0.4572,11372.58,10.0,0.0
3000,maize,136,0.4572,11372.58,0.0,0.0
3000,maize,136,0.4572,11372.58,40.0,0.0
3500,maize,0,0.0,0.0,0.0,0.0
3500,maize,0,0.0,0.0,30.0,0.0
3500,maize,0,0.0,0.0,10.0,0.0
3500,maize,0,0.0,0.0,30.0,0.0
3500,maize,0,0.0,0.0,10.0,0.0
3500,maize,0,0.0,0.0,30.0,0.0
3500,maize,0,0.0,0.0,30.0,0.0
3500,maize,0,0.0,0.0,10.0,0.0
3500,maize,0,0.0,0.0,20.0,0.0
3500,maize,0,0.0,0.0,0.0,0.0
3500,maize,0,0.0,0.0,20.0,0.0
3500,maize,0,0.0,0.0,0.0,0.0
3500,maize,0,0.0,0.0,20.0,0.0
3500,maize,0,0.0,0.0,10.0,0.0
3500,maize,0,0.0,0.0,0.0,0.0
3500,maize,0,0.0,0.0,0.0,0.0
3500,maize,0,0.0,0.0,20.0,0.0
3500,maize,0,0.0,0.0,0.0,0.0
3500,maize,0,0.0,0.0,30.0,0.0
3500,maize,0,0.0,0.0,10.0,0.0
3500,maize,0,0.0,0.0,10.0,0.0
3500,maize,0,0.0,0.0,20.0,0.0
3500,maize,0,0.0,0.0,40.0,0.0
3500,maize,0,0.0,0.0,0.0,0.0
3500,maize,0,0.0,0.0,20.0,0.0
3500,maize,0,0.0,0.0,40.0,0.0
3500,maize,0,0.0,0.0,40.0,0.0
3500,maize,1,0.0,0.0,0.0,0.0
3500,maize,2,0.0,0.0,20.0,0.0
3500,maize,3,0.0,0.0,20.0,0.0
3500,maize,4,0.0,0.0,10.0,0.0
3500,maize,5,0.0,0.0,0.0,0.0
3500,maize,6,0.0,0.0,30.0,0.0
3500,maize,7,0.0,0.0,10.0,0.0
3500,maize,8,0.0,0.0,10.0,0.0
3500,maize,9,0.0,0.0,20.0,0.0
3500,maize,10,0.0032,28.8,10.0,0.0
3500,maize,11,0.0059,28.8,10.0,0.0
3500,maize,12,0.0078,28.8,0.0,0.0
3500,maize,13,0.0106,28.8,40.0,0.0
3500,maize,14,0.014,28.8,40.0,0.0
3500,maize,15,0.0179,28.8,40.0,0.0
3500,maize,16,0.0297,28.8,40.0,0.0
3500,maize,17,0.044,28.8,10.0,0.0
3500,maize,18,0.0555,31.05,30.0,0.0
3500,maize,19,0.0653,34.82,30.0,0.0
3500,maize,20,0.0769,39.5,40.0,0.0
3500,maize,21,0.1001,49.56,30.0,0.0
3500,maize,22,0.1171,57.87,20.0,0.0
3500,maize,23,0.137,68.67,30.0,0.0
3500,maize,24,0.1619,83.18,30.0,0.0
3500,maize,25,0.1846,98.19,40.0,0.0
3500,maize,26,0.2094,115.97,30.0,0.0
3500,maize,27,0.2353,126.37,20.0,0.0
3500,maize,28,0.2395,134.72,40.0,0.0
3500,maize,29,0.241,141.98,10.0,0.0
3500,maize,30,0.2374,146.46,0.0,0.0
3500,maize,31,0.2447,156.64,10.0,0.0
3500,maize,32,0.2382,159.17,30.0,0.0
3500,maize,33,0.2322,161.93,10.0,0.0
3500,maize,34,0.2296,166.32,20.0,0.0
3500,maize,35,0.2287,171.54,30.0,0.0
3500,maize,36,0.2313,178.73,30.0,0.0
3500,maize,37,0.2307,186.39,30.0,0.0
3500,maize,38,0.2337,194.24,20.0,0.0
3500,maize,39,0.2382,203.16,0.0,0.0
3500,maize,40,0.2423,211.9,40.0,0.0
3500,maize,41,0.2548,226.35,30.0,0.0
3500,maize,42,0.3477,286.3,20.0,0.0
3500,maize,43,0.4548,360.27,30.0,0.0
3500,maize,44,0.5537,432.78,40.0,0.0
3500,maize,45,0.6522,508.99,30.0,0.0
3500,maize,46,0.7604,597.39,10.0,0.0
3500,maize,47,0.8727,694.48,30.0,0.0
3500,maize,48,1.0041,815.15,40.0,0.0
3500,maize,49,1.1119,919.61,30.0,0.0
3500,maize,50,1.2248,1034.88,30.0,0.0
3500,maize,51,1.3321,1149.94,40.0,0.0
3500,maize,52,1.4043,1230.19,40.0,0.0
3500,maize,53,1.4923,1331.9,40.0,0.0
3500,maize,54,1.5769,1439.2,0.0,0.0
3500,maize,55,1.6613,1560.48,0.0,0.0
3500,maize,56,1.76,1718.4,20.0,0.0
3500,maize,57,1.818,1837.58,20.0,0.0
3500,maize,58,1.8485,1934.1,40.0,0.0
3500,maize,59,1.8724,2032.92,0.0,0.0
3500,maize,60,1.8851,2124.07,0.0,0.0
3500,maize,61,1.9194,2263.07,0.0,0.0
3500,maize,62,1.9383,2386.24,0.0,0.0
3500,maize,63,1.9562,2521.69,30.0,0.0
3500,maize,64,1.961,2643.77,20.0,0.0
3500,maize,65,2.0063,2832.48,0.0,0.0
3500,maize,66,2.0108,2985.73,0.0,0.0
3500,maize,67,2.0031,3135.72,30.0,0.0
3500,maize,68,1.9804,3261.57,10.0,0.0
3500,maize,69,1.9498,3375.27,0.0,0.0
3500,maize,70,1.9211,3502.82,40.0,0.0
3500,maize,71,1.8844,3607.71,20.0,0.0
3500,maize,72,1.8461,3709.84,10.0,0.0
3500,maize,73,1.8066,3807.62,30.0,0.0
3500,maize,74,1.7657,3900.07,40.0,0.0
3500,maize,75,1.7244,3987.13,40.0,0.0
3500,maize,76,1.685,4077.62,20.0,0.0
3500,maize,77,1.6522,4190.22,0.0,0.0
3500,maize,78,1.6188,4296.23,30.0,0.0
3500,maize,79,1.5836,4390.66,30.0,0.0
3500,maize,80,1.5271,4511.18,40.0,0.0
3500,maize,81,1.4724,4622.44,40.0,0.0
3500,maize,82,1.4466,4828.04,20.0,0.0
3500,maize,83,1.4325,5045.01,20.0,0.0
3500,maize,84,1.4223,5261.34,10.0,0.0
3500,maize,85,1.4143,5426.99,10.0,0.0
3500,maize,86,1.408,5593.96,20.0,0.0
3500,maize,87,1.4032,5754.27,0.0,0.0
3500,maize,88,1.4003,5911.56,30.0,0.0
3500,maize,89,1.3992,6110.23,0.0,0.0
3500,maize,90,1.3992,6273.65,30.0,0.0
3500,maize,91,1.3978,6459.82,20.0,0.0
3500,maize,92,1.3943,6646.0,30.0,0.0
3500,maize,93,1.3888,6802.28,30.0,0.0
3500,maize,94,1.3818,6958.37,0.0,0.0
3500,maize,95,1.3732,7144.55,10.0,0.0
3500,maize,96,1.3626,7330.72,30.0,0.0
3500,maize,97,1.35,7470.07,20.0,0.0
3500,maize,98,1.3361,7656.24,20.0,0.0
3500,maize,99,1.3202,7812.67,30.0,0.0
3500,maize,100,1.3028,7968.21,40.0,0.0
3500,maize,101,1.284,8097.03,0.0,0.0
3500,maize,102,1.2642,8264.28,30.0,0.0
3500,maize,103,1.2428,8406.25,40.0,0.0
3500,maize,104,1.2203,8558.35,10.0,0.0
3500,maize,105,1.1966,8709.45,20.0,0.0
3500,maize,106,1.1717,8841.77,10.0,0.0
3500,maize,107,1.146,8995.01,20.0,0.0
3500,maize,108,1.1187,9153.22,30.0,0.0
3500,maize,109,1.0901,9303.49,40.0,0.0
3500,maize,110,1.0607,9435.35,40.0,0.0
3500,maize,111,1.0303,9584.99,20.0,0.0
3500,maize,112,0.9991,9727.68,20.0,0.0
3500,maize,113,0.967,9864.73,30.0,0.0
3500,maize,114,0.9347,9984.28,30.0,0.0
3500,maize,115,0.9017,10093.43,20.0,0.0
3500,maize,116,0.869,10193.2,40.0,0.0
3500,maize,117,0.8364,10288.6,30.0,0.0
3500,maize,118,0.8043,10381.08,30.0,0.0
3500,maize,119,0.7726,10461.57,30.0,0.0
3500,maize,120,0.7411,10532.58,0.0,0.0
3500,maize,121,0.7104,10589.11,20.0,0.0
3500,maize,122,0.6809,10641.47,20.0,0.0
3500,maize,123,0.6525,10701.57,20.0,0.0
3500,maize,124,0.6255,10676.94,30.0,0.0
3500,maize,125,0.6255,10676.94,40.0,0.0
3500,maize,126,0.6255,10676.94,20.0,0.0
3500,maize,127,0.6255,10676.94,40.0,0.0
3500,maize,127,0.6255,10676.94,10.0,0.0
4000,maize,0,0.0,0.0,30.0,0.0
4000,maize,0,0.0,0.0,30.0,0.0
4000,maize,0,0.0,0.0,30.0,0.0
4000,maize,0,0.0,0.0,0.0,0.0
4000,maize,0,0.0,0.0,40.0,0.0
4000,maize,0,0.0,0.0,20.0,0.0
4000,maize,0,0.0,0.0,10.0,0.0
4000,maize,0,0.0,0.0,0.0,0.0
4000,maize,0,0.0,0.0,0.0,0.0
4000,maize,0,0.0,0.0,0.0,0.0
4000,maize,0,0.0,0.0,30.0,0.0
4000,maize,0,0.0,0.0,20.0,0.0
4000,maize,0,0.0,0.0,0.0,0.0
4000,maize,0,0.0,0.0,10.0,0.0
4000,maize,0,0.0,0.0,0.0,0.0
4000,maize,0,0.0,0.0,0.0,0.0
4000,maize,0,0.0,0.0,40.0,0.0
4000,maize,0,0.0,0.0,0.0,0.0
4000,maize,0,0.0,0.0,0.0,0.0
4000,maize,0,0.0,0.0,40.0,0.0
4000,maize,0,0.0,0.0,20.0,0.0
4000,maize,0,0.0,0.0,0.0,0.0
4000,maize,0,0.0,0.0,0.0,0.0
4000,maize,0,0.0,0.0,0.0,0.0
4000,maize,0,0.0,0.0,10.0,0.0
4000,maize,0,0.0,0.0,10.0,0.0
4000,maize,0,0.0,0.0,20.0,0.0
4000,maize,1,0.0,0.0,20.0,0.0
4000,maize,2,0.0,0.0,40.0,0.0
4000,maize,3,0.0,0.0,10.0,0.0
4000,maize,4,0.0,0.0,0.0,0.0
4000,maize,5,0.0,0.0,20.0,0.0
4000,maize,6,0.0,0.0,30.0,0.0
4000,maize,7,0.0,0.0,10.0,0.0
4000,maize,8,0.0,0.0,40.0,0.0
4000,maize,9,0.0,0.0,40.0,0.0
4000,maize,10,0.0,0.0,0.0,0.0
4000,maize,11,0.0,0.0,30.0,0.0
4000,maize,12,0.0,0.0,0.0,0.0
4000,maize,13,0.0,0.0,0.0,0.0
4000,maize,14,0.0,0.0,30.0,0.0
4000,maize,15,0.0009,28.8,20.0,0.0
4000,maize,16,0.0018,28.8,20.0,0.0
4000,maize,17,0.0037,28.8,10.0,0.0
4000,maize,18,0.0058,28.8,20.0,0.0
4000,maize,19,0.0084,28.8,20.0,0.0
4000,maize,20,0.01,28.8,0.0,0.0
4000,maize,21,0.0132,28.8,0.0,0.0
4000,maize,22,0.0127,28.8,10.0,0.0
4000,maize,23,0.0139,28.8,30.0,0.0
4000,maize,24,0.0138,28.8,30.0,0.0
4000,maize,25,0.0157,28.8,20.0,0.0
4000,maize,26,0.022,28.8,0.0,0.0
4000,maize,27,0.031,28.8,0.0,0.0
4000,maize,28,0.0446,28.8,40.0,0.0
4000,maize,29,0.0623,35.2,30.0,0.0
4000,maize,30,0.0759,40.57,0.0,0.0
4000,maize,31,0.0913,47.28,10.0,0.0
4000,maize,32,0.1115,56.65,10.0,0.0
4000,maize,33,0.1311,66.52,40.0,0.0
4000,maize,34,0.1458,75.16,30.0,0.0
4000,maize,35,0.1701,89.66,10.0,0.0
4000,maize,36,0.195,105.82,10.0,0.0
4000,maize,37,0.2218,124.56,10.0,0.0
4000,maize,38,0.2586,150.67,10.0,0.0
4000,maize,39,0.2854,173.04,30.0,0.0
4000,maize,40,0.3088,181.0,30.0,0.0
4000,maize,41,0.3166,194.1,0.0,0.0
4000,maize,42,0.3705,224.7,10.0,0.0
4000,maize,43,0.4324,261.01,40.0,0.0
4000,maize,44,0.5031,303.66,10.0,0.0
4000,maize,45,0.5904,358.12,10.0,0.0
4000,maize,46,0.6924,423.91,20.0,0.0
4000,maize,47,0.8155,511.79,20.0,0.0
4000,maize,48,0.9426,602.15,10.0,0.0
4000,maize,49,1.089,711.62,40.0,0.0
4000,maize,50,1.2209,815.37,0.0,0.0
4000,maize,51,1.3318,906.2,20.0,0.0
4000,maize,52,1.4271,986.87,10.0,0.0
4000,maize,53,1.5459,1091.56,0.0,0.0
4000,maize,54,1.681,1216.27,10.0,0.0
4000,maize,55,1.8439,1375.57,0.0,0.0
4000,maize,56,1.9654,1506.46,0.0,0.0
4000,maize,57,2.0699,1639.25,30.0,0.0
4000,maize,58,2.1391,1748.87,0.0,0.0
4000,maize,59,2.1963,1859.62,30.0,0.0
4000,maize,60,2.2476,1976.68,40.0,0.0
4000,maize,61,2.2913,2097.93,30.0,0.0
4000,maize,62,2.3243,2219.22,20.0,0.0
4000,maize,63,2.3362,2323.08,20.0,0.0
4000,maize,64,2.3339,2416.55,20.0,0.0
4000,maize,65,2.3185,2497.45,40.0,0.0
4000,maize,66,2.3112,2599.54,0.0,0.0
4000,maize,67,2.2899,2683.74,10.0,0.0
4000,maize,68,2.2614,2760.83,10.0,0.0
4000,maize,69,2.2156,2808.91,40.0,0.0
4000,maize,70,2.1823,2883.25,40.0,0.0
4000,maize,71,2.15,2961.27,10.0,0.0
4000,maize,72,2.1328,3076.0,40.0,0.0
4000,maize,73,2.177,3258.73,40.0,0.0
4000,maize,74,2.1614,3375.51,40.0,0.0
4000,maize,75,2.133,3487.2,0.0,0.0
4000,maize,76,2.0904,3573.52,40.0,0.0
4000,maize,77,2.0448,3657.26,0.0,0.0
4000,maize,78,2.0032,3755.9,10.0,0.0
4000,maize,79,1.9637,3864.72,20.0,0.0
4000,maize,80,1.9167,3948.93,30.0,0.0
4000,maize,81,1.8664,4020.43,10.0,0.0
4000,maize,82,1.8704,4181.64,30.0,0.0
4000,maize,83,1.9065,4425.64,30.0,0.0
4000,maize,84,1.9355,4640.47,40.0,0.0
4000,maize,85,1.9759,4908.85,40.0,0.0
4000,maize,86,2.0075,5153.12,0.0,0.0
4000,maize,87,2.0292,5367.98,30.0,0.0
4000,maize,88,2.0557,5610.5,30.0,0.0
4000,maize,89,2.0731,5823.94,0.0,0.0
4000,maize,90,2.0379,6056.84,30.0,0.0
4000,maize,91,2.0033,6275.21,40.0,0.0
4000,maize,92,1.9685,6434.0,0.0,0.0
4000,maize,93,1.9338,6602.79,0.0,0.0
4000,maize,94,1.9001,6816.28,10.0,0.0
4000,maize,95,1.867,6977.74,0.0,0.0
4000,maize,96,1.8344,7121.24,20.0,0.0
4000,maize,97,1.8029,7270.26,40.0,0.0
4000,maize,98,1.7727,7463.91,20.0,0.0
4000,maize,99,1.7438,7646.57,0.0,0.0
4000,maize,100,1.7158,7848.77,40.0,0.0
4000,maize,101,1.6854,8026.63,10.0,0.0
4000,maize,102,1.6543,8204.49,30.0,0.0
4000,maize,103,1.6225,8382.35,0.0,0.0
4000,maize,104,1.5902,8558.58,40.0,0.0
4000,maize,105,1.5573,8732.53,20.0,0.0
4000,maize,106,1.5241,8893.39,40.0,0.0
4000,maize,107,1.4905,9032.49,40.0,0.0
4000,maize,108,1.457,9131.41,0.0,0.0
4000,maize,109,1.4241,9264.99,30.0,0.0
4000,maize,110,1.3913,9398.61,30.0,0.0
4000,maize,111,1.3586,9517.79,30.0,0.0
4000,maize,112,1.3261,9647.34,0.0,0.0
4000,maize,113,1.2938,9792.86,0.0,0.0
4000,maize,114,1.2617,9938.59,0.0,0.0
4000,maize,115,1.2298,10099.75,40.0,0.0
4000,maize,116,1.1977,10273.97,10.0,0.0
4000,maize,117,1.1652,10442.55,0.0,0.0
4000,maize,118,1.1326,10581.37,10.0,0.0
4000,maize,119,1.0998,10713.82,10.0,0.0
4000,maize,120,1.0672,10865.34,20.0,0.0
4000,maize,121,1.0348,11010.62,20.0,0.0
4000,maize,122,1.0025,11146.04,0.0,0.0
4000,maize,123,0.9701,11272.37,20.0,0.0
4000,maize,124,0.9382,11395.51,30.0,0.0
4000,maize,125,0.9064,11487.65,20.0,0.0
4000,maize,126,0.8748,11583.38,0.0,0.0
4000,maize,127,0.8436,11684.84,30.0,0.0
4000,maize,128,0.813,11761.74,10.0,0.0
4000,maize,129,0.7827,11850.95,0.0,0.0
4000,maize,130,0.7533,11935.54,40.0,0.0
4000,maize,131,0.7246,12016.9,30.0,0.0
4000,maize,132,0.6962,12080.84,0.0,0.0
4000,maize,133,0.6684,12148.57,40.0,0.0
4000,maize,134,0.6416,12205.42,0.0,0.0
4000,maize,135,0.6152,12272.89,40.0,0.0
4000,maize,136,0.6152,12272.89,0.0,0.0
4000,maize,137,0.6152,12272.89,40.0,0.0
4000,maize,138,0.6152,12272.89,10.0,0.0
4000,maize,138,0.6152,12272.89,0.0,0.0
4500,maize,0,0.0,0.0,30.0,0.0
4500,maize,0,0.0,0.0,20.0,0.0
4500,maize,0,0.0,0.0,10.0,0.0
4500,maize,0,0.0,0.0,0.0,0.0
4500,maize,0,0.0,0.0,40.0,0.0
4500,maize,0,0.0,0.0,0.0,0.0
4500,maize,0,0.0,0.0,40.0,0.0
4500,maize,0,0.0,0.0,40.0,0.0
4500,maize,0,0.0,0.0,20.0,0.0
4500,maize,0,0.0,0.0,0.0,0.0
4500,maize,0,0.0,0.0,40.0,0.0
4500,maize,0,0.0,0.0,30.0,0.0
4500,maize,0,0.0,0.0,10.0,0.0
4500,maize,0,0.0,0.0,0.0,0.0
4500,maize,0,0.0,0.0,10.0,0.0
4500,maize,0,0.0,0.0,40.0,0.0
4500,maize,0,0.0,0.0,40.0,0.0
4500,maize,0,0.0,0.0,0.0,0.0
4500,maize,0,0.0,0.0,10.0,0.0
4500,maize,0,0.0,0.0,10.0,0.0
4500,maize,0,0.0,0.0,20.0,0.0
4500,maize,0,0.0,0.0,40.0,0.0
4500,maize,0,0.0,0.0,0.0,0.0
4500,maize,0,0.0,0.0,20.0,0.0
4500,maize,0,0.0,0.0,20.0,0.0
4500,maize,0,0.0,0.0,0.0,0.0
4500,maize,0,0.0,0.0,40.0,0.0
4500,maize,1,0.0,0.0,10.0,0.0
4500,maize,2,0.0,0.0,0.0,0.0
4500,maize,3,0.0,0.0,30.0,0.0
4500,maize,4,0.0,0.0,10.0,0.0
4500,maize,5,0.0,0.0,30.0,0.0
4500,maize,6,0.0,0.0,20.0,0.0
4500,maize,7,0.0,0.0,0.0,0.0
4500,maize,8,0.0,0.0,10.0,0.0
4500,maize,9,0.0,0.0,30.0,0.0
4500,maize,10,0.0,0.0,10.0,0.0
4500,maize,11,0.0,0.0,10.0,0.0
4500,maize,12,0.0,0.0,20.0,0.0
4500,maize,13,0.0033,28.8,20.0,0.0
4500,maize,14,0.0054,28.8,40.0,0.0
4500,maize,15,0.0075,28.8,30.0,0.0
4500,maize,16,0.0072,28.8,20.0,0.0
4500,maize,17,0.0085,28.8,40.0,0.0
4500,maize,18,0.0107,28.8,30.0,0.0
4500,maize,19,0.0136,28.8,0.0,0.0
4500,maize,20,0.0167,28.8,30.0,0.0
4500,maize,21,0.0322,28.8,0.0,0.0
4500,maize,22,0.0541,31.0,20.0,0.0
4500,maize,23,0.0819,41.87,30.0,0.0
4500,maize,24,0.1113,54.44,0.0,0.0
4500,maize,25,0.1355,65.96,10.0,0.0
4500,maize,26,0.1468,72.48,10.0,0.0
4500,maize,27,0.1699,85.75,10.0,0.0
4500,maize,28,0.1877,97.26,0.0,0.0
4500,maize,29,0.2161,115.38,0.0,0.0
4500,maize,30,0.2404,132.34,20.0,0.0
4500,maize,31,0.275,156.89,20.0,0.0
4500,maize,32,0.2918,172.97,10.0,0.0
4500,maize,33,0.2905,187.33,0.0,0.0
4500,maize,34,0.3266,201.18,20.0,0.0
4500,maize,35,0.3508,223.67,40.0,0.0
4500,maize,36,0.3427,227.91,0.0,0.0
4500,maize,37,0.3323,230.96,20.0,0.0
4500,maize,38,0.3246,235.24,40.0,0.0
4500,maize,39,0.3185,240.26,40.0,0.0
4500,maize,40,0.313,245.45,10.0,0.0
4500,maize,41,0.3059,252.16,10.0,0.0
4500,maize,42,0.3914,304.38,10.0,0.0
4500,maize,43,0.4902,367.81,10.0,0.0
4500,maize,44,0.5912,435.86,20.0,0.0
4500,maize,45,0.683,500.54,40.0,0.0
4500,maize,46,0.7762,568.98,20.0,0.0
4500,maize,47,0.906,669.18,10.0,0.0
4500,maize,48,1.0552,791.24,40.0,0.0
4500,maize,49,1.2076,923.82,40.0,0.0
4500,maize,50,1.3448,1050.15,30.0,0.0
4500,maize,51,1.4241,1125.91,20.0,0.0
4500,maize,52,1.5392,1240.6,40.0,0.0
4500,maize,53,1.6696,1377.47,30.0,0.0
4500,maize,54,1.7728,1494.62,30.0,0.0
4500,maize,55,1.8734,1627.33,40.0,0.0
4500,maize,56,1.9625,1763.85,20.0,0.0
4500,maize,57,2.0365,1900.44,0.0,0.0
4500,maize,58,2.0886,2025.56,10.0,0.0
4500,maize,59,2.1064,2116.73,0.0,0.0
4500,maize,60,2.1145,2204.19,10.0,0.0
4500,maize,61,2.0947,2254.91,40.0,0.0
4500,maize,62,2.0878,2331.55,40.0,0.0
4500,maize,63,2.0893,2426.82,20.0,0.0
4500,maize,64,2.0857,2520.7,0.0,0.0
4500,maize,65,2.0869,2631.84,40.0,0.0
4500,maize,66,2.0668,2710.36,20.0,0.0
4500,maize,67,2.046,2794.09,30.0,0.0
4500,maize,68,2.1146,2993.37,30.0,0.0
4500,maize,69,2.1175,3135.73,0.0,0.0
4500,maize,70,2.1013,3265.24,40.0,0.0
4500,maize,71,2.0761,3390.24,20.0,0.0
4500,maize,72,2.0391,3492.7,20.0,0.0
4500,maize,73,2.0014,3600.66,30.0,0.0
4500,maize,74,1.9585,3694.63,40.0,0.0
4500,maize,75,1.9197,3805.8,20.0,0.0
4500,maize,76,1.8814,3920.15,20.0,0.0
4500,maize,77,1.8435,4036.99,30.0,0.0
4500,maize,78,1.8028,4139.92,40.0,0.0
4500,maize,79,1.762,4238.9,20.0,0.0
4500,maize,80,1.7234,4341.82,20.0,0.0
4500,maize,81,1.6836,4435.32,20.0,0.0
4500,maize,82,1.7005,4633.19,20.0,0.0
4500,maize,83,1.6803,4832.59,30.0,0.0
4500,maize,84,1.6643,5071.93,40.0,0.0
4500,maize,85,1.6497,5297.87,20.0,0.0
4500,maize,86,1.6353,5511.92,10.0,0.0
4500,maize,87,1.6211,5688.74,20.0,0.0
4500,maize,88,1.6074,5863.85,10.0,0.0
4500,maize,89,1.5944,6018.09,10.0,0.0
4500,maize,90,1.5825,6180.6,40.0,0.0
4500,maize,91,1.5718,6382.32,0.0,0.0
4500,maize,92,1.5624,6596.14,20.0,0.0
4500,maize,93,1.554,6803.18,40.0,0.0
4500,maize,94,1.547,7011.99,0.0,0.0
4500,maize,95,1.5365,7220.81,40.0,0.0
4500,maize,96,1.5238,7429.63,40.0,0.0
4500,maize,97,1.5089,7612.19,20.0,0.0
4500,maize,98,1.4922,7782.24,20.0,0.0
4500,maize,99,1.4741,7909.05,0.0,0.0
4500,maize,100,1.4553,8087.33,0.0,0.0
4500,maize,101,1.4352,8255.15,40.0,0.0
4500,maize,102,1.4137,8418.48,10.0,0.0
4500,maize,103,1.3909,8627.3,30.0,0.0
4500,maize,104,1.366,8821.95,0.0,0.0
4500,maize,105,1.3394,9010.04,0.0,0.0
4500,maize,106,1.3114,9169.49,0.0,0.0
4500,maize,107,1.2834,9341.16,10.0,0.0
4500,maize,108,1.2542,9494.35,30.0,0.0
4500,maize,109,1.2234,9637.87,10.0,0.0
4500,maize,110,1.1918,9821.01,20.0,0.0
4500,maize,111,1.1597,9964.63,0.0,0.0
4500,maize,112,1.1263,10123.48,20.0,0.0
4500,maize,113,1.0926,10271.94,30.0,0.0
4500,maize,114,1.0583,10389.93,20.0,0.0
4500,maize,115,1.0234,10500.64,10.0,0.0
4500,maize,116,0.9885,10599.21,0.0,0.0
4500,maize,117,0.9536,10683.96,20.0,0.0
4500,maize,118,0.9189,10781.29,10.0,0.0
4500,maize,119,0.8849,10881.89,10.0,0.0
4500,maize,120,0.8511,10978.11,10.0,0.0
4500,maize,121,0.8179,10960.65,0.0,0.0
4500,maize,122,0.7867,11047.59,10.0,0.0
4500,maize,123,0.7576,11137.52,30.0,0.0
4500,maize,124,0.7289,11205.89,30.0,0.0
4500,maize,125,0.7009,11271.31,40.0,0.0
4500,maize,126,0.6734,11336.23,10.0,0.0
4500,maize,127,0.6466,11402.89,40.0,0.0
4500,maize,128,0.6204,11457.96,0.0,0.0
4500,maize,129,0.5949,11513.82,10.0,0.0
4500,maize,130,0.5701,11571.04,10.0,0.0
4500,maize,131,0.5701,11571.04,20.0,0.0
4500,maize,132,0.5701,11571.04,10.0,0.0
4500,maize,132,0.5701,11571.04,20.0,0.0
5000,maize,0,0.0,0.0,0.0,0.0
5000,maize,0,0.0,0.0,40.0,0.0
5000,maize,0,0.0,0.0,0.0,0.0
5000,maize,0,0.0,0.0,20.0,0.0
5000,maize,0,0.0,0.0,10.0,0.0
5000,maize,0,0.0,0.0,0.0,0.0
5000,maize,0,0.0,0.0,10.0,0.0
5000,maize,0,0.0,0.0,0.0,0.0
5000,maize,0,0.0,0.0,10.0,0.0
5000,maize,0,0.0,0.0,20.0,0.0
5000,maize,0,0.0,0.0,0.0,0.0
5000,maize,0,0.0,0.0,20.0,0.0
5000,maize,0,0.0,0.0,0.0,0.0
5000,maize,0,0.0,0.0,10.0,0.0
5000,maize,0,0.0,0.0,0.0,0.0
5000,maize,0,0.0,0.0,20.0,0.0
5000,maize,0,0.0,0.0,30.0,0.0
5000,maize,0,0.0,0.0,30.0,0.0
5000,maize,0,0.0,0.0,0.0,0.0
5000,maize,0,0.0,0.0,20.0,0.0
5000,maize,0,0.0,0.0,0.0,0.0
5000,maize,0,0.0,0.0,0.0,0.0
5000,maize,0,0.0,0.0,20.0,0.0
5000,maize,0,0.0,0.0,20.0,0.0
5000,maize,0,0.0,0.0,0.0,0.0
5000,maize,0,0.0,0.0,20.0,0.0
5000,maize,0,0.0,0.0,0.0,0.0
5000,maize,1,0.0,0.0,20.0,0.0
5000,maize,2,0.0,0.0,30.0,0.0
5000,maize,3,0.0,0.0,40.0,0.0
5000,maize,4,0.0,0.0,0.0,0.0
5000,maize,5,0.0,0.0,0.0,0.0
5000,maize,6,0.0,0.0,40.0,0.0
5000,maize,7,0.0,0.0,10.0,0.0
5000,maize,8,0.0,0.0,20.0,0.0
5000,maize,9,0.0,0.0,40.0,0.0
5000,maize,10,0.0,0.0,40.0,0.0
5000,maize,11,0.0025,28.8,40.0,0.0
5000,maize,12,0.0051,28.8,40.0,0.0
5000,maize,13,0.0076,28.8,30.0,0.0
5000,maize,14,0.0098,28.8,10.0,0.0
5000,maize,15,0.0122,28.8,0.0,0.0
5000,maize,16,0.0143,28.8,0.0,0.0
5000,maize,17,0.0165,28.8,40.0,0.0
5000,maize,18,0.018,28.8,20.0,0.0
5000,maize,19,0.021,28.8,0.0,0.0
5000,maize,20,0.0332,28.8,10.0,0.0
5000,maize,21,0.0527,30.01,40.0,0.0
5000,maize,22,0.0696,36.53,20.0,0.0
5000,maize,23,0.0868,43.63,30.0,0.0
5000,maize,24,0.0927,48.66,30.0,0.0
5000,maize,25,0.0836,50.92,0.0,0.0
5000,maize,26,0.0586,54.01,10.0,0.0
5000,maize,27,0.0664,58.07,20.0,0.0
5000,maize,28,0.0793,64.77,30.0,0.0
5000,maize,29,0.0894,70.57,10.0,0.0
5000,maize,30,0.1155,84.86,0.0,0.0
5000,maize,31,0.1538,106.79,20.0,0.0
5000,maize,32,0.187,119.13,40.0,0.0
5000,maize,33,0.1995,129.94,0.0,0.0
5000,maize,34,0.2112,140.85,30.0,0.0
5000,maize,35,0.2219,151.91,0.0,0.0
5000,maize,36,0.2343,164.34,0.0,0.0
5000,maize,37,0.2499,178.92,30.0,0.0
5000,maize,38,0.2407,180.06,0.0,0.0
5000,maize,39,0.2261,181.43,20.0,0.0
5000,maize,40,0.219,183.23,20.0,0.0
5000,maize,41,0.2084,185.25,0.0,0.0
5000,maize,42,0.2422,211.38,20.0,0.0
5000,maize,43,0.2962,244.97,10.0,0.0
5000,maize,44,0.3592,282.96,30.0,0.0
5000,maize,45,0.4454,337.15,20.0,0.0
5000,maize,46,0.5354,396.47,40.0,0.0
5000,maize,47,0.656,480.58,10.0,0.0
5000,maize,48,0.7749,568.48,0.0,0.0
5000,maize,49,0.8809,651.1,0.0,0.0
5000,maize,50,0.9826,734.25,20.0,0.0
5000,maize,51,1.0954,830.9,10.0,0.0
5000,maize,52,1.2159,939.35,30.0,0.0
5000,maize,53,1.2797,998.62,40.0,0.0
5000,maize,54,1.3651,1080.54,20.0,0.0
5000,maize,55,1.4614,1176.64,40.0,0.0
5000,maize,56,1.6045,1330.06,20.0,0.0
5000,maize,57,1.7308,1482.55,0.0,0.0
5000,maize,58,1.829,1625.23,0.0,0.0
5000,maize,59,1.9158,1776.31,0.0,0.0
5000,maize,60,1.9789,1916.87,0.0,0.0
5000,maize,61,2.0221,2048.09,40.0,0.0
5000,maize,62,2.0354,2149.02,10.0,0.0
5000,maize,63,2.0539,2271.74,0.0,0.0
5000,maize,64,2.0738,2409.75,10.0,0.0
5000,maize,65,2.1193,2617.7,40.0,0.0
5000,maize,66,2.1311,2802.83,10.0,0.0
5000,maize,67,2.1126,2942.02,20.0,0.0
5000,maize,68,2.0877,3083.57,20.0,0.0
5000,maize,69,2.0495,3193.85,20.0,0.0
5000,maize,70,2.0042,3285.72,0.0,0.0
5000,maize,71,1.962,3390.03,0.0,0.0
5000,maize,72,1.9199,3492.56,30.0,0.0
5000,maize,73,1.8822,3611.36,0.0,0.0
5000,maize,74,1.8389,3704.39,10.0,0.0
5000,maize,75,1.795,3789.63,10.0,0.0
5000,maize,76,1.7534,3878.6,10.0,0.0
5000,maize,77,1.7096,3952.92,40.0,0.0
5000,maize,78,1.6643,4015.03,30.0,0.0
5000,maize,79,1.6253,4096.82,30.0,0.0
5000,maize,80,1.5873,4177.52,30.0,0.0
5000,maize,81,1.5308,4297.43,40.0,0.0
5000,maize,82,1.5075,4456.88,20.0,0.0
5000,maize,83,1.4966,4681.76,40.0,0.0
5000,maize,84,1.4904,4910.34,0.0,0.0
5000,maize,85,1.4863,5151.62,0.0,0.0
5000,maize,86,1.484,5380.63,20.0,0.0
5000,maize,87,1.483,5612.06,20.0,0.0
5000,maize,88,1.483,5826.78,40.0,0.0
5000,maize,89,1.483,6039.97,0.0,0.0
5000,maize,90,1.483,6249.15,20.0,0.0
5000,maize,91,1.483,6462.6,40.0,0.0
5000,maize,92,1.483,6676.04,40.0,0.0
5000,maize,93,1.4817,6889.49,40.0,0.0
5000,maize,94,1.477,7102.94,30.0,0.0
5000,maize,95,1.4688,7316.38,20.0,0.0
5000,maize,96,1.4575,7529.83,10.0,0.0
5000,maize,97,1.4431,7738.82,0.0,0.0
5000,maize,98,1.4259,7952.27,40.0,0.0
5000,maize,99,1.4059,8165.71,10.0,0.0
5000,maize,100,1.3831,8345.31,10.0,0.0
5000,maize,101,1.358,8520.3,10.0,0.0
5000,maize,102,1.3313,8737.46,10.0,0.0
5000,maize,103,1.3031,8951.58,30.0,0.0
5000,maize,104,1.2727,9156.89,30.0,0.0
5000,maize,105,1.2402,9340.37,40.0,0.0
5000,maize,106,1.2059,9531.98,40.0,0.0
5000,maize,107,1.1703,9658.9,0.0,0.0
5000,maize,108,1.1335,9777.92,40.0,0.0
5000,maize,109,1.0965,9914.21,20.0,0.0
5000,maize,110,1.0594,10039.42,0.0,0.0
5000,maize,111,1.0221,10135.77,30.0,0.0
5000,maize,112,0.9848,10247.86,10.0,0.0
5000,maize,113,0.9478,10362.43,30.0,0.0
5000,maize,114,0.9111,10367.2,30.0,0.0
5000,maize,115,0.8761,10438.77,30.0,0.0
5000,maize,116,0.8428,10515.68,10.0,0.0
5000,maize,117,0.81,10585.9,10.0,0.0
5000,maize,118,0.7779,10666.26,20.0,0.0
5000,maize,119,0.7465,10740.9,40.0,0.0
5000,maize,120,0.7156,10807.3,10.0,0.0
5000,maize,121,0.6856,10859.34,10.0,0.0
5000,maize,122,0.6566,10908.96,10.0,0.0
5000,maize,123,0.6287,10964.87,10.0,0.0
5000,maize,124,0.6016,11016.62,10.0,0.0
5000,maize,125,0.5757,11067.68,20.0,0.0
5000,maize,126,0.5509,11111.47,30.0,0.0
5000,maize,127,0.5269,11150.64,40.0,0.0
5000,maize,128,0.5038,11192.99,0.0,0.0
5000,maize,129,0.4816,11227.69,30.0,0.0
5000,maize,130,0.4603,11262.85,40.0,0.0
5000,maize,131,0.4603,11262.85,30.0,0.0
5000,maize,132,0.4603,11262.85,0.0,0.0
5000,maize,132,0.4603,11262.85,0.0,0.0
